submitdate,datestamp,startdate,dmbirth,tryear,sssknow,dmgender,origin,dmres,dmwork,sssmember,ssstime,trlvl,study_location,training_fields_list,continuous_education,trcont2,employed,job_status,job_role,plsector,plyexp,plrate,plsenior,skills,skills_str,ustime,salary,worksatisfction,issatisf2
2025-09-16,2025-09-16,2025-09-16,1959,2016,TRUE,Other,Europe,Not in Switzerland,AR,Passive,Less than five years,University master,Swiss,,No,FALSE,TRUE,Employed,Quantitative Analyst,Biotechnology/ Bioengineering,7,100,Intern / Entry level position,,Project management,,100443,Quite satisfied,
2025-04-28,2025-04-28,2025-04-28,1963,2014,TRUE,Other,Swiss,UR,BS,Passive,Less than ten years,PhD,Europe,,No,FALSE,FALSE,Self-employed,Student,NA,0,NA,Never worked,,Project management,,NA,NA,
2025-01-09,2025-01-09,2025-01-09,2003,2024,FALSE,Other,Europe,GL,GR,Active,Less than five years,University master,Europe,,No,FALSE,TRUE,Employed,Senior Statistician,Watchmaking,4,100,No managerial function,,"Statistical programming (R, SAS, Python (Statistics and ML libraries), SPSS, Stata, etc.); Other programming (C, C++, Java, Python, etc.); Project management; Time management",,112939.00000000001,Neutral,
NA,2025-01-19,2025-01-19,2001,2022,FALSE,Other,Swiss,LU,TG,Passive,Less than five years,University bachelor,Swiss,,No,FALSE,FALSE,Unemployed,Retired,NA,0,NA,Never worked,,"Statistical programming (R, SAS, Python (Statistics and ML libraries), SPSS, Stata, etc.); Other programming (C, C++, Java, Python, etc.); Data visualization (Power BI, Tableau, Looker Studio, etc.); Time management",,NA,NA,
2025-08-31,2025-08-31,2025-08-31,1996,2020,TRUE,Other,Middle East,AI,Not in Switzerland,Not a member,Ten years or more,University master,Europe,,NA,TRUE,TRUE,Employed,Consultant,Hospital/ Healthcare,5,80,Lower management,,Time management,,155505,Quite satisfied,
2025-09-23,2025-09-23,2025-09-23,1959,2004,TRUE,Other,Swiss,SO,ZG,Not a member,Less than five years,Master of applied science,Europe,,"MAS, DAS, CAS",TRUE,TRUE,Employed,Data Scientist,Media / Advertising / Communication,27,90,Lower management,,Project management; Time management,,155686.66666666666,Neutral,
2025-05-16,2025-05-16,2025-05-16,2000,2023,TRUE,Other,Europe,JU,BS,Occasional,Less than ten years,PhD,Europe,,"Postgraduate in Business/Finance (MBA, EMBA, etc.)",TRUE,TRUE,Employed,Data Scientist,Logistics/ Suplly chain industry,1,60,No managerial function,,"Statistical programming (R, SAS, Python (Statistics and ML libraries), SPSS, Stata, etc.)",,160106.66666666666,Quite satisfied,
2025-10-09,2025-10-09,2025-10-09,1996,2020,TRUE,Other,Swiss,GR,ZG,Passive,Less than five years,Bachelor of applied science,Swiss,,No,FALSE,TRUE,Employed,Statistician,Aviation/ Aerospace/ Defense,0,90,Intern / Entry level position,,"Statistical programming (R, SAS, Python (Statistics and ML libraries), SPSS, Stata, etc.); Other programming (C, C++, Java, Python, etc.); Data visualization (Power BI, Tableau, Looker Studio, etc.)",,101938.88888888889,Quite satisfied,
2025-04-21,2025-04-21,2025-04-21,1961,1995,TRUE,Other,Swiss,OW,VS,Not a member,Less than one year,Master of applied science,Middle East,,Further training with an employer,TRUE,TRUE,Employed,Epidemiologist,Logistics/ Suplly chain industry,30,80,Lower management,,Project management,,107234.99999999999,Quite satisfied,
2025-02-08,2025-02-08,2025-02-08,1982,2005,TRUE,Other,Swiss,ZH,BS,Not a member,Less than one year,University master,Swiss,,"Postgraduate in Business/Finance (MBA, EMBA, etc.)",TRUE,TRUE,Employed,Consultant,Higher education / Research / Academia,20,80,No managerial function,,"Other programming (C, C++, Java, Python, etc.); Data visualization (Power BI, Tableau, Looker Studio, etc.); Project management; Time management",,78707.5,Quite satisfied,
2025-09-26,2025-09-26,2025-09-26,1976,2011,TRUE,Prefer not to say,Africa,NW,FR,Not a member,Less than ten years,University master,Swiss,,No,FALSE,TRUE,Employed,Epidemiologist,Banking / Finance / Insurance,6,100,No managerial function,,"Other programming (C, C++, Java, Python, etc.); Time management",,139272,Quite satisfied,
2025-01-27,2025-01-27,2025-01-27,1995,2014,TRUE,Prefer not to say,Swiss,UR,TI,Not a member,Less than one year,University bachelor,Swiss,,NA,TRUE,FALSE,Self-employed,Student,NA,0,NA,Never worked,,"Statistical programming (R, SAS, Python (Statistics and ML libraries), SPSS, Stata, etc.)",,NA,NA,
2025-04-10,2025-04-10,2025-04-10,2003,2024,TRUE,Prefer not to say,North America,NW,BS,Not a member,Less than five years,PhD,Swiss,,"MAS, DAS, CAS",TRUE,TRUE,Employed,Software Engineer,Electrical / Electronics / Semiconductors,0,90,Intern / Entry level position,,Scientific writing and/or research; Time management,,117954.44444444445,Quite satisfied,
2025-03-06,2025-03-06,2025-03-06,1960,1999,TRUE,Prefer not to say,Swiss,FR,AG,Not a member,Less than one year,University master,Europe,,Further training with an employer,TRUE,TRUE,Employed,Epidemiologist,Audit/ Consulting/ Professional service,25,100,No managerial function,,Scientific writing and/or research; Project management; Time management,,84697,Not quite satisfied,
2025-03-30,2025-03-30,2025-03-30,1994,2020,TRUE,Prefer not to say,Swiss,AR,I do not work,Active,Less than five years,University master,Europe,,"Certified online training (Coursera, Edx, etc.)",TRUE,TRUE,Employed,Data Scientist,Government / Public administration,3,100,No managerial function,,NA,,149124,Quite satisfied,
2025-04-14,2025-04-14,2025-04-14,1981,2006,FALSE,Prefer not to say,Swiss,SO,SO,Passive,Less than ten years,PhD,Swiss,,No,FALSE,TRUE,Employed,Biostatistician,Transportation/ Rail,16,80,Lower management,,NA,,205628.75,Not quite satisfied,
2025-10-26,2025-10-26,2025-10-26,1964,1994,TRUE,Prefer not to say,Swiss,ZH,SO,Not a member,Less than ten years,University master,Middle East,,No,FALSE,TRUE,Employed,Epidemiologist,Biotechnology/ Bioengineering,29,70,Intern / Entry level position,,Time management,,112807.14285714287,Not quite satisfied,
2025-06-18,2025-06-18,2025-06-18,1996,2016,TRUE,Prefer not to say,Europe,GE,AR,Not a member,Less than five years,PhD,Swiss,,No,FALSE,TRUE,Employed,Data Analyst,Automotive,1,90,No managerial function,,NA,,67562.22222222222,Not quite satisfied,
2026-02-03,2026-02-03,2026-02-03,1970,2004,TRUE,Prefer not to say,Swiss,VS,ZG,Not a member,Less than one year,University master,Swiss,,No,FALSE,TRUE,Employed,Research Scientist,Electrical / Electronics / Semiconductors,19,100,Lower management,,"Statistical programming (R, SAS, Python (Statistics and ML libraries), SPSS, Stata, etc.); Time management",,147305,Neutral,
2026-01-11,2026-01-11,2026-01-11,1965,2004,TRUE,Prefer not to say,Swiss,ZG,OW,Active,Less than one year,University master,Europe,,No,FALSE,TRUE,Employed,Consultant,Chemicals/ Ingredients,23,80,No managerial function,,"Statistical programming (R, SAS, Python (Statistics and ML libraries), SPSS, Stata, etc.); Scientific writing and/or research; Time management",,179673.75,Neutral,
2025-03-15,2025-03-15,2025-03-15,1987,2019,TRUE,Man,Europe,SZ,OW,Active,Less than five years,University master,Europe,,No,FALSE,TRUE,Employed,Consultant,Banking / Finance / Insurance,10,100,Lower management,,"Data visualization (Power BI, Tableau, Looker Studio, etc.)",,142955,Quite satisfied,
2026-01-20,2026-01-20,2026-01-20,1997,2022,TRUE,Woman,Swiss,Not in Switzerland,NW,Occasional,Less than ten years,University master,Europe,,Further training with an employer,TRUE,TRUE,Employed,Statistician,IT/ Telecommunicatins industry,0,100,Middle management,,"Data visualization (Power BI, Tableau, Looker Studio, etc.)",,90862,Very satisfied,
2026-02-09,2026-02-09,2026-02-09,1994,2017,TRUE,Man,Swiss,GR,BE,Active,Ten years or more,PhD,Africa,,No,FALSE,TRUE,Employed,Biostatistician,Automotive,5,100,Middle management,,"Statistical programming (R, SAS, Python (Statistics and ML libraries), SPSS, Stata, etc.)",,113858.99999999999,Quite satisfied,
2025-02-18,2025-02-18,2025-02-18,1995,2017,TRUE,Woman,Swiss,GE,GE,Active,Less than one year,Bachelor of applied science,Swiss,,"Postgraduate in Business/Finance (MBA, EMBA, etc.)",TRUE,TRUE,Employed,Quantitative Analyst,Hospital/ Healthcare,12,100,Lower management,,Time management,,144323,Quite satisfied,
2025-01-26,2025-01-26,2025-01-26,2000,2018,TRUE,Woman,Swiss,GR,SH,Not a member,Less than ten years,PhD,North America,,Post-Doc,TRUE,TRUE,Employed,Senior Statistician,Audit/ Consulting/ Professional service,3,80,Lower management,,"Data visualization (Power BI, Tableau, Looker Studio, etc.); Scientific writing and/or research",,108221.25000000001,Quite satisfied,
2025-05-15,2025-05-15,2025-05-15,1973,2018,TRUE,Woman,Swiss,GE,OW,Passive,Less than five years,Bachelor of applied science,South and Central America,,No,FALSE,TRUE,Employed,Biostatistician,Oil and gas / Energy,6,80,No managerial function,,Project management; Time management,,120227.50000000001,Quite satisfied,
2026-01-12,2026-01-12,2026-01-12,1996,2022,TRUE,Man,Europe,ZH,I do not work,Active,Less than five years,University bachelor,Swiss,,Further training with an employer,TRUE,TRUE,Employed,Senior Statistician,Automotive,3,80,Lower management,,"Data visualization (Power BI, Tableau, Looker Studio, etc.)",,143672.5,Quite satisfied,
2025-05-29,2025-05-29,2025-05-29,1966,1985,FALSE,Woman,Swiss,LU,VD,Not a member,Less than ten years,University master,Swiss,,"Postgraduate in Business/Finance (MBA, EMBA, etc.)",TRUE,TRUE,Employed,Epidemiologist,Electrical / Electronics / Semiconductors,36,70,No managerial function,,"Statistical programming (R, SAS, Python (Statistics and ML libraries), SPSS, Stata, etc.); Project management",,139084.2857142857,Quite satisfied,
2025-08-24,2025-08-24,2025-08-24,1990,2018,FALSE,Woman,Europe,JU,ZG,Passive,Ten years or more,University master,Swiss,,No,FALSE,FALSE,Self-employed,Student,NA,0,NA,Never worked,,"Other programming (C, C++, Java, Python, etc.)",,NA,NA,
2025-11-28,2025-11-28,2025-11-28,1964,2011,TRUE,Man,Swiss,NW,FR,Not a member,Less than one year,Bachelor of applied science,Swiss,,No,FALSE,TRUE,Employed,Data Scientist,Aviation/ Aerospace/ Defense,15,90,Middle management,,Scientific writing and/or research,,79711.11111111111,Quite satisfied,
2025-10-02,2025-10-02,2025-10-02,1978,2011,TRUE,Woman,Asia,TG,UR,Not a member,Ten years or more,University bachelor,Swiss,,NA,TRUE,TRUE,Employed,Biostatistician,Hospital/ Healthcare,20,50,Lower management,,"Other programming (C, C++, Java, Python, etc.); Project management",,146852,Not at all satisfied,
2025-08-23,2025-08-23,2025-08-23,1983,2010,TRUE,Man,Swiss,BL,NE,Not a member,Less than five years,University master,Swiss,,No,FALSE,TRUE,Employed,PhD student,Logistics/ Suplly chain industry,21,100,No managerial function,,"Other programming (C, C++, Java, Python, etc.); Data visualization (Power BI, Tableau, Looker Studio, etc.)",,129136.99999999999,Neutral,
2026-02-02,2026-02-02,2026-02-02,1969,2008,TRUE,Man,Europe,UR,SG,Active,Less than five years,University bachelor,Africa,,"Postgraduate in Business/Finance (MBA, EMBA, etc.)",TRUE,TRUE,Employed,Postdoc,Government / Public administration,15,90,Lower management,,"Statistical programming (R, SAS, Python (Statistics and ML libraries), SPSS, Stata, etc.); Data visualization (Power BI, Tableau, Looker Studio, etc.)",,123867.77777777777,Neutral,
2025-11-30,2025-11-30,2025-11-30,2002,2021,TRUE,Woman,North America,VD,Not in Switzerland,Not a member,Less than ten years,University master,Swiss,,No,FALSE,FALSE,Self-employed,Student,NA,0,NA,Never worked,,"Other programming (C, C++, Java, Python, etc.); Scientific writing and/or research",,NA,NA,
2025-01-07,2025-01-07,2025-01-07,1967,1999,FALSE,Woman,Swiss,SO,ZG,Passive,Less than five years,PhD,Swiss,,NA,TRUE,TRUE,Employed,Quantitative Analyst,Aviation/ Aerospace/ Defense,33,100,Middle management,,Time management,,89787,Neutral,
2025-11-11,2025-11-11,2025-11-11,1982,2012,TRUE,Man,Swiss,NE,I do not work,Not a member,Less than ten years,PhD,Swiss,,No,FALSE,TRUE,Employed,ML Engineer,Hospital/ Healthcare,13,70,No managerial function,,Scientific writing and/or research; Project management,,151670,Very satisfied,
2025-07-13,2025-07-13,2025-07-13,1967,2006,TRUE,Woman,Europe,LU,GR,Occasional,Less than ten years,University master,Swiss,,NA,TRUE,TRUE,Employed,Professor,Aviation/ Aerospace/ Defense,22,100,Middle management,,"Statistical programming (R, SAS, Python (Statistics and ML libraries), SPSS, Stata, etc.); Project management; Time management",,175742,Very satisfied,
2025-06-04,2025-06-04,2025-06-04,1968,2021,FALSE,Woman,Swiss,BE,BE,Passive,Less than five years,PhD,Swiss,,No,FALSE,TRUE,Employed,Research Scientist,Watchmaking,10,90,No managerial function,,Project management; Time management,,152880,Neutral,
2026-01-14,2026-01-14,2026-01-14,1970,1992,FALSE,Man,Swiss,BS,FR,Active,Less than five years,Bachelor of applied science,Swiss,,No,FALSE,TRUE,Employed,Epidemiologist,Pharmaceuticals,29,90,No managerial function,,Project management,,144314.44444444444,Neutral,
2025-10-24,2025-10-24,2025-10-24,1992,2021,FALSE,Man,Swiss,NE,SG,Not a member,Less than one year,University master,North America,,No,FALSE,TRUE,Employed,Professor,Construction/ Civil engineering,0,40,No managerial function,,"Other programming (C, C++, Java, Python, etc.); Scientific writing and/or research; Time management",,251292.50000000003,Quite satisfied,
2025-02-06,2025-02-06,2025-02-06,1960,2012,TRUE,Man,Swiss,TG,BL,Active,Less than ten years,Bachelor of applied science,Swiss,,"MAS, DAS, CAS",TRUE,TRUE,Employed,Research Scientist,Architecture / Urban planning,12,80,Lower management,,"Data visualization (Power BI, Tableau, Looker Studio, etc.)",,154173.75,Not quite satisfied,
2025-03-19,2025-03-19,2025-03-19,1981,2005,TRUE,Man,Africa,ZH,GL,Passive,Less than five years,University bachelor,Swiss,,No,FALSE,TRUE,Employed,Data Analyst,Luxury goods,26,80,No managerial function,,"Other programming (C, C++, Java, Python, etc.); Data visualization (Power BI, Tableau, Looker Studio, etc.); Project management",,83961.25,Very satisfied,
2025-09-09,2025-09-09,2025-09-09,1974,1996,TRUE,Woman,Swiss,AI,ZG,Not a member,Less than one year,Master of applied science,Swiss,,No,FALSE,TRUE,Employed,Biostatistician,Biotechnology/ Bioengineering,29,80,Lower management,,"Other programming (C, C++, Java, Python, etc.); Time management",,200588.75,Quite satisfied,
2025-12-06,2025-12-06,2025-12-06,1964,1986,TRUE,Man,Europe,SH,UR,Passive,Less than one year,Master of applied science,Swiss,,No,FALSE,TRUE,Employed,Data Scientist,IT/ Telecommunicatins industry,42,70,No managerial function,,"Statistical programming (R, SAS, Python (Statistics and ML libraries), SPSS, Stata, etc.); Time management",,145374.28571428574,Neutral,
2025-10-27,2025-10-27,2025-10-27,1959,2002,TRUE,Man,Europe,SO,ZG,Not a member,Less than five years,University master,Swiss,,Post-Doc,TRUE,TRUE,Employed,Statistician,Banking / Finance / Insurance,21,90,No managerial function,,"Other programming (C, C++, Java, Python, etc.)",,184091.1111111111,Very satisfied,
NA,2025-01-09,2025-01-09,1967,2019,TRUE,Man,Swiss,VS,Not in Switzerland,Volunteer,Less than five years,PhD,Swiss,,"Postgraduate in Business/Finance (MBA, EMBA, etc.)",TRUE,TRUE,Employed,Quantitative Analyst,Primary or Secondary Education,3,100,Lower management,,Time management,,162335,Neutral,
2025-06-16,2025-06-16,2025-06-16,1963,2015,TRUE,Man,Swiss,TI,I do not work,Passive,Less than five years,University master,Swiss,,No,FALSE,TRUE,Employed,Software Engineer,None,11,100,No managerial function,,"Other programming (C, C++, Java, Python, etc.); Data visualization (Power BI, Tableau, Looker Studio, etc.); Scientific writing and/or research",,100443,Not quite satisfied,
2025-09-01,2025-09-01,2025-09-01,1989,2009,TRUE,Other,Middle East,VD,SO,Passive,Less than five years,PhD,Swiss,,NA,TRUE,TRUE,Employed,Software Engineer,Machinery and Equipment / Automation,9,80,Intern / Entry level position,,Time management,,106630,Quite satisfied,
2025-03-19,2025-03-19,2025-03-19,1976,2004,TRUE,Woman,Swiss,NW,GE,Occasional,Ten years or more,Master of applied science,Europe,,"MAS, DAS, CAS",TRUE,TRUE,Employed,Postdoc,Automotive,22,100,No managerial function,,"Statistical programming (R, SAS, Python (Statistics and ML libraries), SPSS, Stata, etc.); Other programming (C, C++, Java, Python, etc.); Time management",,84700,Very satisfied,
2026-01-02,2026-01-02,2026-01-02,1974,2024,TRUE,Man,Swiss,SG,SH,Active,Ten years or more,University bachelor,Swiss,,Further training with an employer,TRUE,FALSE,Employed,Unemployed,NA,0,NA,Never worked,,Scientific writing and/or research; Project management,,NA,NA,
2025-11-30,2025-11-30,2025-11-30,1989,2018,TRUE,Man,Swiss,FR,I do not work,Not a member,Less than ten years,University bachelor,Swiss,,"Certified online training (Coursera, Edx, etc.)",TRUE,TRUE,Employed,Project Manager,Hospital/ Healthcare,5,50,No managerial function,,NA,,139574,Quite satisfied,
2025-01-31,2025-01-31,2025-01-31,1992,2014,FALSE,Woman,Europe,AR,Not in Switzerland,Not a member,Less than five years,Master of applied science,Swiss,,No,FALSE,TRUE,Employed,Biostatistician,Watchmaking,6,80,No managerial function,,"Statistical programming (R, SAS, Python (Statistics and ML libraries), SPSS, Stata, etc.); Data visualization (Power BI, Tableau, Looker Studio, etc.)",,157317.5,Neutral,
2025-08-25,2025-08-25,2025-08-25,1968,1992,TRUE,Man,Swiss,GE,TG,Not a member,Less than ten years,Bachelor of applied science,Swiss,,No,FALSE,TRUE,Employed,Project Manager,Higher education / Research / Academia,33,100,No managerial function,,"Statistical programming (R, SAS, Python (Statistics and ML libraries), SPSS, Stata, etc.); Other programming (C, C++, Java, Python, etc.); Scientific writing and/or research; Project management",,147603,Quite satisfied,
2025-02-02,2025-02-02,2025-02-02,1982,2007,TRUE,Woman,Swiss,AR,BE,Volunteer,Less than five years,University bachelor,Europe,,No,FALSE,TRUE,Employed,Senior Statistician,Biotechnology/ Bioengineering,18,70,Middle management,,"Other programming (C, C++, Java, Python, etc.); Data visualization (Power BI, Tableau, Looker Studio, etc.); Time management",,233882.85714285716,Not quite satisfied,
2025-01-11,2025-01-11,2025-01-11,1982,2013,TRUE,Woman,Swiss,AG,VS,Not a member,Less than five years,University master,South and Central America,,"MAS, DAS, CAS",TRUE,TRUE,Employed,Senior Statistician,Pharmaceuticals,16,100,Intern / Entry level position,,"Data visualization (Power BI, Tableau, Looker Studio, etc.)",,156023,Quite satisfied,
2025-02-13,2025-02-13,2025-02-13,1991,2010,TRUE,Woman,Swiss,OW,OW,Passive,Less than five years,University master,Swiss,,No,FALSE,TRUE,Employed,Senior Statistician,Materials,12,70,Intern / Entry level position,,"Other programming (C, C++, Java, Python, etc.); Time management",,222915.7142857143,Quite satisfied,
2025-01-09,2025-01-09,2025-01-09,1987,2018,TRUE,Man,Swiss,UR,UR,Passive,Less than one year,Bachelor of applied science,Swiss,,"Certified online training (Coursera, Edx, etc.)",TRUE,FALSE,Self-employed,Student,NA,0,NA,Never worked,,Time management,,NA,NA,
2025-11-22,2025-11-22,2025-11-22,1978,2002,TRUE,Woman,South and Central America,GL,BS,Not a member,Less than five years,Bachelor of applied science,Swiss,,No,FALSE,TRUE,Employed,Statistician,Audit/ Consulting/ Professional service,29,70,No managerial function,,"Other programming (C, C++, Java, Python, etc.)",,110317.14285714286,Not at all satisfied,
2026-01-29,2026-01-29,2026-01-29,1994,2013,FALSE,Woman,Swiss,SG,ZG,Not a member,Less than five years,PhD,Swiss,,"Postgraduate in Business/Finance (MBA, EMBA, etc.)",TRUE,TRUE,Employed,Biostatistician,Consumer goods,10,80,Middle management,,"Other programming (C, C++, Java, Python, etc.); Data visualization (Power BI, Tableau, Looker Studio, etc.); Scientific writing and/or research",,181907.5,Quite satisfied,
2025-07-16,2025-07-16,2025-07-16,2003,2022,FALSE,Man,Swiss,JU,BE,Not a member,Less than five years,University master,Swiss,,No,FALSE,FALSE,Unemployed,Retired,NA,0,NA,Never worked,,"Data visualization (Power BI, Tableau, Looker Studio, etc.); Time management",,NA,NA,
2025-12-28,2025-12-28,2025-12-28,1998,2017,TRUE,Woman,Swiss,SH,I do not work,Occasional,Ten years or more,University bachelor,Swiss,,No,FALSE,TRUE,Employed,Data Analyst,Transportation/ Rail,4,80,Top management,,"Data visualization (Power BI, Tableau, Looker Studio, etc.)",,215510,Very satisfied,
2025-03-22,2025-03-22,2025-03-22,1995,2013,FALSE,Woman,Swiss,OW,JU,Not a member,Less than ten years,PhD,Asia,,No,FALSE,TRUE,Employed,PhD student,Logistics/ Suplly chain industry,9,70,No managerial function,,Time management,,179870,Neutral,
2025-03-31,2025-03-31,2025-03-31,1981,2009,FALSE,Other,Swiss,ZG,I do not work,Passive,Less than ten years,Master of applied science,Europe,,No,FALSE,TRUE,Employed,Data Scientist,Automotive,16,80,No managerial function,,Project management,,141787.5,Neutral,
2025-11-28,2025-11-28,2025-11-28,1973,2023,TRUE,Man,Swiss,Not in Switzerland,AR,Occasional,Less than five years,PhD,Europe,,No,FALSE,TRUE,Employed,PhD student,Materials,9,100,Lower management,,"Other programming (C, C++, Java, Python, etc.)",,84786,Very satisfied,
2025-05-29,2025-05-29,2025-05-29,1990,2011,TRUE,Woman,Europe,GE,ZH,Not a member,Less than ten years,Bachelor of applied science,Swiss,,Further training with an employer,TRUE,TRUE,Employed,Consultant,Other,15,100,No managerial function,,NA,,95055,Very satisfied,
2025-02-03,2025-02-03,2025-02-03,1992,2018,FALSE,Man,Swiss,BE,AI,Active,Less than one year,Other,Europe,,Further training with an employer,TRUE,TRUE,Employed,Project Manager,Luxury goods,0,100,Lower management,,"Statistical programming (R, SAS, Python (Statistics and ML libraries), SPSS, Stata, etc.)",,170681,Very satisfied,
2025-09-08,2025-09-08,2025-09-08,1961,1981,FALSE,Woman,Europe,Not in Switzerland,AG,Passive,Less than five years,University bachelor,Swiss,,No,FALSE,TRUE,Employed,Biostatistician,Materials,36,100,Lower management,,"Statistical programming (R, SAS, Python (Statistics and ML libraries), SPSS, Stata, etc.)",,175403,Neutral,
2026-01-29,2026-01-29,2026-01-29,1987,2011,TRUE,Man,Europe,NE,I do not work,Passive,Less than five years,Master of applied science,Africa,,No,FALSE,TRUE,Employed,ML Engineer,Nonprofit organization / Social,8,100,No managerial function,,"Statistical programming (R, SAS, Python (Statistics and ML libraries), SPSS, Stata, etc.); Scientific writing and/or research; Time management",,179201,Neutral,
2025-12-16,2025-12-16,2025-12-16,1958,1978,TRUE,Man,Swiss,OW,BS,Not a member,Ten years or more,Master of applied science,Swiss,,No,FALSE,FALSE,Employed,Unemployed,NA,0,NA,Never worked,,"Other programming (C, C++, Java, Python, etc.); Time management",,NA,NA,
2026-02-09,2026-02-09,2026-02-09,1977,2021,TRUE,Man,Swiss,Not in Switzerland,AR,Not a member,Less than five years,University bachelor,Swiss,,No,FALSE,FALSE,Employed,Unemployed,NA,0,NA,Never worked,,NA,,NA,NA,
2025-07-27,2025-07-27,2025-07-27,1969,2025,FALSE,Man,Swiss,SO,ZG,Occasional,Ten years or more,University bachelor,Swiss,,No,FALSE,TRUE,Employed,Professor,Luxury goods,1,50,Intern / Entry level position,,"Data visualization (Power BI, Tableau, Looker Studio, etc.); Project management",,298714,Quite satisfied,
2025-05-12,2025-05-12,2025-05-12,1967,2010,FALSE,Woman,Swiss,VS,BS,Not a member,Less than ten years,University bachelor,Swiss,,No,FALSE,TRUE,Employed,ML Engineer,Luxury goods,21,80,Middle management,,"Statistical programming (R, SAS, Python (Statistics and ML libraries), SPSS, Stata, etc.)",,90100,Neutral,
2025-07-04,2025-07-04,2025-07-04,1972,2020,TRUE,Woman,Swiss,LU,ZH,Volunteer,Less than one year,PhD,Swiss,,No,FALSE,TRUE,Employed,Epidemiologist,IT/ Telecommunicatins industry,6,100,Top management,,"Statistical programming (R, SAS, Python (Statistics and ML libraries), SPSS, Stata, etc.); Scientific writing and/or research; Time management",,109318,Very satisfied,
2025-04-20,2025-04-20,2025-04-20,1989,2025,FALSE,Woman,North America,GE,AR,Active,Less than ten years,Bachelor of applied science,Europe,,No,FALSE,FALSE,Student,Student,NA,0,NA,Never worked,,"Data visualization (Power BI, Tableau, Looker Studio, etc.); Scientific writing and/or research",,NA,NA,
2025-05-29,2025-05-29,2025-05-29,1997,2017,TRUE,Woman,Swiss,GR,SG,Passive,Less than ten years,PhD,Middle East,,"Certified online training (Coursera, Edx, etc.)",TRUE,TRUE,Employed,Epidemiologist,Oil and gas / Energy,10,80,No managerial function,,"Other programming (C, C++, Java, Python, etc.); Data visualization (Power BI, Tableau, Looker Studio, etc.); Scientific writing and/or research; Time management",,97331.25,Very satisfied,
2025-07-07,2025-07-07,2025-07-07,1986,2008,TRUE,Woman,Europe,FR,ZG,Occasional,Less than five years,PhD,Swiss,,"MAS, DAS, CAS",TRUE,TRUE,Employed,Statistician,Watchmaking,22,90,Lower management,,Project management; Time management,,136505.55555555556,Quite satisfied,
2025-08-09,2025-08-09,2025-08-09,1998,2020,TRUE,Woman,Swiss,VD,NE,Not a member,Less than one year,University master,Swiss,,No,FALSE,TRUE,Employed,Biostatistician,Luxury goods,7,90,No managerial function,,"Other programming (C, C++, Java, Python, etc.); Data visualization (Power BI, Tableau, Looker Studio, etc.); Scientific writing and/or research",,126018.88888888889,Quite satisfied,
2025-06-27,2025-06-27,2025-06-27,1984,2019,TRUE,Man,Swiss,SO,AR,Not a member,Less than five years,University bachelor,Swiss,,"Postgraduate in Business/Finance (MBA, EMBA, etc.)",TRUE,FALSE,Student,Student,NA,0,NA,Never worked,,"Statistical programming (R, SAS, Python (Statistics and ML libraries), SPSS, Stata, etc.); Project management",,NA,NA,
2025-01-15,2025-01-15,2025-01-15,1987,2006,TRUE,Woman,Europe,JU,JU,Volunteer,Ten years or more,PhD,Asia,,No,FALSE,TRUE,Employed,Data Analyst,Construction/ Civil engineering,13,50,Intern / Entry level position,,"Statistical programming (R, SAS, Python (Statistics and ML libraries), SPSS, Stata, etc.); Project management",,184560,Quite satisfied,
NA,2025-12-24,2025-12-24,1968,2006,TRUE,Man,Swiss,SO,AR,Occasional,Ten years or more,PhD,Swiss,,"MAS, DAS, CAS",TRUE,TRUE,Employed,Senior Statistician,Engineering consulting,20,90,No managerial function,,NA,,183438.8888888889,Neutral,
2025-12-06,2025-12-06,2025-12-06,1996,2023,FALSE,Woman,Swiss,LU,ZH,Passive,Less than ten years,PhD,Europe,,"Postgraduate in Business/Finance (MBA, EMBA, etc.)",TRUE,TRUE,Employed,ML Engineer,Real estate,0,100,Intern / Entry level position,,"Data visualization (Power BI, Tableau, Looker Studio, etc.)",,62719.00000000001,Neutral,
2025-01-09,2025-01-09,2025-01-09,1992,2021,FALSE,Man,Europe,NW,Not in Switzerland,Not a member,Less than five years,University bachelor,Swiss,,No,FALSE,TRUE,Employed,Statistician,Government / Public administration,8,80,Top management,,"Data visualization (Power BI, Tableau, Looker Studio, etc.); Time management",,191048.75,Very satisfied,
2025-09-22,2025-09-22,2025-09-22,1955,2025,FALSE,Other,Swiss,JU,NW,Not a member,Less than ten years,University master,Swiss,,No,FALSE,TRUE,Employed,Project Manager,Automotive,3,100,Middle management,,"Other programming (C, C++, Java, Python, etc.); Time management",,123659.99999999999,Very satisfied,
2025-03-07,2025-03-07,2025-03-07,1987,2009,TRUE,Prefer not to say,Swiss,JU,ZH,Occasional,Less than five years,University master,Swiss,,No,FALSE,FALSE,Self-employed,Student,NA,0,NA,Never worked,,"Data visualization (Power BI, Tableau, Looker Studio, etc.); Project management",,NA,NA,
2026-01-21,2026-01-21,2026-01-21,1972,2019,TRUE,Man,Swiss,JU,LU,Not a member,Less than ten years,Bachelor of applied science,Swiss,,"MAS, DAS, CAS",TRUE,TRUE,Employed,Consultant,Engineering consulting,6,100,Intern / Entry level position,,"Data visualization (Power BI, Tableau, Looker Studio, etc.); Project management",,132311,Quite satisfied,
2025-03-04,2025-03-04,2025-03-04,1985,2013,TRUE,Prefer not to say,Europe,ZG,JU,Passive,Ten years or more,Other,North America,,"Certified online training (Coursera, Edx, etc.)",TRUE,TRUE,Employed,Senior Statistician,Machinery and Equipment / Automation,17,100,Intern / Entry level position,,"Statistical programming (R, SAS, Python (Statistics and ML libraries), SPSS, Stata, etc.); Project management",,78930,Quite satisfied,
2025-06-04,2025-06-04,2025-06-04,2003,2025,FALSE,Man,Swiss,TI,BE,Not a member,Ten years or more,PhD,Swiss,,No,FALSE,TRUE,Employed,Biostatistician,Biotechnology/ Bioengineering,0,100,Top management,,NA,,116455,Not quite satisfied,
2025-07-22,2025-07-22,2025-07-22,1962,1986,TRUE,Woman,Middle East,BS,UR,Active,Less than five years,University bachelor,Europe,,"Postgraduate in Business/Finance (MBA, EMBA, etc.)",TRUE,FALSE,Student,Student,NA,0,NA,Never worked,,"Other programming (C, C++, Java, Python, etc.); Scientific writing and/or research",,NA,NA,
2025-10-25,2025-10-25,2025-10-25,1974,2024,TRUE,Man,Swiss,NW,I do not work,Passive,Less than ten years,University master,Swiss,,No,FALSE,FALSE,Student,Student,NA,0,NA,Never worked,,"Statistical programming (R, SAS, Python (Statistics and ML libraries), SPSS, Stata, etc.); Other programming (C, C++, Java, Python, etc.); Data visualization (Power BI, Tableau, Looker Studio, etc.); Scientific writing and/or research",,NA,NA,
2025-04-20,2025-04-20,2025-04-20,1998,2024,TRUE,Woman,Swiss,AI,SH,Passive,Less than one year,PhD,Swiss,,No,FALSE,TRUE,Employed,Software Engineer,Government / Public administration,3,100,No managerial function,,Project management,,178589,Quite satisfied,
2025-01-15,2025-01-15,2025-01-15,1995,2013,FALSE,Man,Swiss,SZ,I do not work,Occasional,Ten years or more,University master,Swiss,,"MAS, DAS, CAS",TRUE,TRUE,Employed,PhD student,Construction/ Civil engineering,13,80,No managerial function,,"Data visualization (Power BI, Tableau, Looker Studio, etc.); Time management",,214494.99999999997,Not quite satisfied,
2025-08-05,2025-08-05,2025-08-05,1993,2022,FALSE,Woman,Europe,LU,NE,Not a member,Less than ten years,Bachelor of applied science,Europe,,No,FALSE,TRUE,Employed,PhD student,Banking / Finance / Insurance,0,70,Middle management,,"Statistical programming (R, SAS, Python (Statistics and ML libraries), SPSS, Stata, etc.)",,144002.85714285716,Quite satisfied,
2025-07-17,2025-07-17,2025-07-17,1989,2021,FALSE,Man,Europe,SH,SG,Passive,Less than five years,PhD,Swiss,,Further training with an employer,TRUE,TRUE,Employed,Statistician,Automotive,2,100,Lower management,,"Statistical programming (R, SAS, Python (Statistics and ML libraries), SPSS, Stata, etc.)",,92062,Not quite satisfied,
2025-12-02,2025-12-02,2025-12-02,2001,2025,TRUE,Man,Swiss,AR,AR,Active,Less than five years,University master,Swiss,,No,FALSE,TRUE,Employed,Software Engineer,Audit/ Consulting/ Professional service,0,90,Lower management,,"Statistical programming (R, SAS, Python (Statistics and ML libraries), SPSS, Stata, etc.)",,79264.44444444444,Not quite satisfied,
2025-12-26,2025-12-26,2025-12-26,1976,2015,FALSE,Man,Swiss,ZH,AI,Active,Less than five years,University bachelor,Europe,,No,FALSE,FALSE,Unemployed,Retired,NA,0,NA,Never worked,,"Statistical programming (R, SAS, Python (Statistics and ML libraries), SPSS, Stata, etc.); Data visualization (Power BI, Tableau, Looker Studio, etc.); Scientific writing and/or research; Project management",,NA,NA,
NA,2026-01-25,2026-01-25,1956,1979,TRUE,Man,Swiss,AG,SH,Passive,Less than one year,Master of applied science,Europe,,"Postgraduate in Business/Finance (MBA, EMBA, etc.)",TRUE,TRUE,Employed,PhD student,Primary or Secondary Education,47,90,No managerial function,,"Statistical programming (R, SAS, Python (Statistics and ML libraries), SPSS, Stata, etc.); Data visualization (Power BI, Tableau, Looker Studio, etc.); Scientific writing and/or research; Time management",,158503.33333333334,Not quite satisfied,
2025-09-21,2025-09-21,2025-09-21,1955,2025,TRUE,Woman,Europe,BL,SG,Passive,Less than ten years,Bachelor of applied science,Swiss,,No,FALSE,TRUE,Employed,Project Manager,Government / Public administration,0,90,Lower management,,Scientific writing and/or research,,198251.11111111112,Very satisfied,
2026-01-12,2026-01-12,2026-01-12,2002,2021,TRUE,Man,Swiss,FR,ZH,Not a member,Less than five years,University master,Swiss,,"Postgraduate in Business/Finance (MBA, EMBA, etc.)",TRUE,TRUE,Employed,ML Engineer,Government / Public administration,9,60,No managerial function,,"Statistical programming (R, SAS, Python (Statistics and ML libraries), SPSS, Stata, etc.); Data visualization (Power BI, Tableau, Looker Studio, etc.)",,200896.66666666666,Very satisfied,
2025-05-08,2025-05-08,2025-05-08,1971,2021,FALSE,Man,Swiss,AR,SH,Volunteer,Less than five years,PhD,Swiss,,Further training with an employer,TRUE,TRUE,Employed,Biostatistician,Transportation/ Rail,4,100,Middle management,,"Statistical programming (R, SAS, Python (Statistics and ML libraries), SPSS, Stata, etc.); Time management",,84417,Quite satisfied,
2025-08-15,2025-08-15,2025-08-15,1969,1998,TRUE,Man,Swiss,TI,I do not work,Not a member,Less than one year,University master,Swiss,,No,FALSE,TRUE,Employed,Biostatistician,Audit/ Consulting/ Professional service,29,100,Middle management,,"Other programming (C, C++, Java, Python, etc.); Scientific writing and/or research; Project management",,172959,Neutral,
2025-01-08,2025-01-08,2025-01-08,1985,2023,FALSE,Man,Swiss,TG,OW,Passive,Ten years or more,Master of applied science,Europe,,No,FALSE,FALSE,Employed,Unemployed,NA,0,NA,Never worked,,NA,,NA,NA,
2025-11-28,2025-11-28,2025-11-28,1978,2014,TRUE,Woman,Europe,ZG,TI,Passive,Less than five years,Master of applied science,Middle East,,No,FALSE,TRUE,Employed,Statistician,Audit/ Consulting/ Professional service,9,100,No managerial function,,"Statistical programming (R, SAS, Python (Statistics and ML libraries), SPSS, Stata, etc.); Other programming (C, C++, Java, Python, etc.); Data visualization (Power BI, Tableau, Looker Studio, etc.); Time management",,95785,Neutral,
2025-03-09,2025-03-09,2025-03-09,2001,2022,FALSE,Prefer not to say,Swiss,BS,UR,Passive,Less than one year,PhD,Europe,,Post-Doc,TRUE,TRUE,Employed,PhD student,Renewables / Environment,6,80,Intern / Entry level position,,"Statistical programming (R, SAS, Python (Statistics and ML libraries), SPSS, Stata, etc.); Scientific writing and/or research",,136075,Neutral,
2025-09-05,2025-09-05,2025-09-05,1995,2024,FALSE,Woman,Swiss,AI,OW,Passive,Ten years or more,PhD,Europe,,No,FALSE,TRUE,Employed,Professor,Aviation/ Aerospace/ Defense,5,100,Lower management,,"Statistical programming (R, SAS, Python (Statistics and ML libraries), SPSS, Stata, etc.); Time management",,70633,Not quite satisfied,
2025-11-15,2025-11-15,2025-11-15,2001,2021,FALSE,Man,Swiss,AR,BL,Not a member,Less than one year,University bachelor,Swiss,,No,FALSE,FALSE,Student,Student,NA,0,NA,Never worked,,"Other programming (C, C++, Java, Python, etc.); Project management",,NA,NA,
2026-01-29,2026-01-29,2026-01-29,1965,2012,TRUE,Man,Europe,UR,VD,Not a member,Less than ten years,University master,Swiss,,No,FALSE,TRUE,Employed,Postdoc,Pharmaceuticals,11,70,Intern / Entry level position,,NA,,112251.42857142858,Quite satisfied,
NA,2025-04-29,2025-04-29,1956,2007,TRUE,Man,Swiss,SZ,Not in Switzerland,Not a member,Less than one year,University bachelor,Swiss,,Post-Doc,TRUE,FALSE,Self-employed,Student,NA,0,NA,Never worked,,Scientific writing and/or research; Time management,,NA,NA,
2025-10-20,2025-10-20,2025-10-20,1994,2022,FALSE,Man,Europe,NW,LU,Occasional,Less than five years,PhD,Swiss,,No,FALSE,TRUE,Employed,Postdoc,Other,0,100,Intern / Entry level position,,"Data visualization (Power BI, Tableau, Looker Studio, etc.); Scientific writing and/or research; Project management; Time management",,133287,Neutral,
2025-05-30,2025-05-30,2025-05-30,1962,2022,TRUE,Woman,Swiss,GR,I do not work,Occasional,Less than five years,PhD,Europe,,No,FALSE,TRUE,Employed,PhD student,Renewables / Environment,0,100,Lower management,,Scientific writing and/or research; Project management; Time management,,177615,Not quite satisfied,
2025-10-29,2025-10-29,2025-10-29,1969,2019,FALSE,Woman,Swiss,JU,SG,Occasional,Less than one year,University master,Swiss,,No,FALSE,TRUE,Employed,Statistician,Electrical / Electronics / Semiconductors,0,100,Top management,,"Statistical programming (R, SAS, Python (Statistics and ML libraries), SPSS, Stata, etc.); Scientific writing and/or research; Time management",,92454,Neutral,
2025-05-24,2025-05-24,2025-05-24,1966,1999,FALSE,Man,Swiss,OW,ZG,Occasional,Less than five years,PhD,Swiss,,NA,TRUE,FALSE,Self-employed,Student,NA,0,NA,Never worked,,"Statistical programming (R, SAS, Python (Statistics and ML libraries), SPSS, Stata, etc.); Other programming (C, C++, Java, Python, etc.)",,NA,NA,
2025-05-27,2025-05-27,2025-05-27,1996,2024,TRUE,Woman,Swiss,FR,ZG,Volunteer,Less than one year,Bachelor of applied science,South and Central America,,No,FALSE,TRUE,Employed,Senior Statistician,Logistics/ Suplly chain industry,2,90,Intern / Entry level position,,"Statistical programming (R, SAS, Python (Statistics and ML libraries), SPSS, Stata, etc.)",,144350,Quite satisfied,
2025-08-07,2025-08-07,2025-08-07,2003,2022,TRUE,Man,South and Central America,NW,TI,Not a member,Less than five years,University master,Swiss,,"Certified online training (Coursera, Edx, etc.)",TRUE,TRUE,Employed,PhD student,None,2,100,Middle management,,"Statistical programming (R, SAS, Python (Statistics and ML libraries), SPSS, Stata, etc.); Data visualization (Power BI, Tableau, Looker Studio, etc.)",,144089,Quite satisfied,
2025-05-16,2025-05-16,2025-05-16,1983,2021,FALSE,Man,Swiss,ZG,I do not work,Occasional,Less than five years,University master,Africa,,"Certified online training (Coursera, Edx, etc.)",TRUE,TRUE,Employed,Consultant,Architecture / Urban planning,0,90,Middle management,,"Statistical programming (R, SAS, Python (Statistics and ML libraries), SPSS, Stata, etc.); Other programming (C, C++, Java, Python, etc.)",,171085.55555555556,Not quite satisfied,
2025-03-26,2025-03-26,2025-03-26,1970,2005,TRUE,Man,Swiss,NW,AR,Passive,Less than five years,University bachelor,Europe,,No,FALSE,TRUE,Employed,Statistician,Construction/ Civil engineering,20,100,Lower management,,Time management,,87261,Not quite satisfied,
2025-06-20,2025-06-20,2025-06-20,1992,2011,TRUE,Other,Swiss,BL,FR,Passive,Ten years or more,PhD,Swiss,,"Postgraduate in Business/Finance (MBA, EMBA, etc.)",TRUE,TRUE,Employed,Research Scientist,Consumer goods,8,60,No managerial function,,NA,,257061.6666666667,Quite satisfied,
2026-01-16,2026-01-16,2026-01-16,1986,2012,TRUE,Woman,Swiss,NW,SG,Not a member,Less than one year,Master of applied science,South and Central America,,No,FALSE,TRUE,Employed,PhD student,Media / Advertising / Communication,16,100,No managerial function,,"Statistical programming (R, SAS, Python (Statistics and ML libraries), SPSS, Stata, etc.); Data visualization (Power BI, Tableau, Looker Studio, etc.)",,175565,Very satisfied,
2025-05-14,2025-05-14,2025-05-14,1956,1994,FALSE,Woman,Europe,GE,OW,Not a member,Ten years or more,University master,Swiss,,No,FALSE,TRUE,Employed,Quantitative Analyst,Engineering consulting,30,70,Intern / Entry level position,,"Other programming (C, C++, Java, Python, etc.); Data visualization (Power BI, Tableau, Looker Studio, etc.); Scientific writing and/or research",,174132.85714285713,Quite satisfied,
2025-11-30,2025-11-30,2025-11-30,1994,2025,TRUE,Woman,Europe,Not in Switzerland,GL,Occasional,Less than one year,University bachelor,Swiss,,"Certified online training (Coursera, Edx, etc.)",TRUE,TRUE,Employed,Biostatistician,Luxury goods,0,100,Middle management,,NA,,112699,Quite satisfied,
2025-10-17,2025-10-17,2025-10-17,1994,2018,TRUE,Man,Europe,SG,TG,Not a member,Less than one year,University master,Europe,,No,FALSE,TRUE,Employed,Professor,Materials,14,60,No managerial function,,"Other programming (C, C++, Java, Python, etc.)",,273888.3333333333,Neutral,
2025-10-07,2025-10-07,2025-10-07,2001,2020,TRUE,Man,Africa,AG,I do not work,Not a member,Less than one year,Master of applied science,Swiss,,Further training with an employer,TRUE,TRUE,Employed,Data Analyst,Higher education / Research / Academia,5,90,Intern / Entry level position,,"Other programming (C, C++, Java, Python, etc.)",,189012.22222222222,Not quite satisfied,
NA,2025-04-27,2025-04-27,1981,2003,TRUE,Woman,Swiss,OW,GE,Passive,Less than five years,University master,South and Central America,,No,FALSE,TRUE,Employed,Professor,Audit/ Consulting/ Professional service,22,80,No managerial function,,"Data visualization (Power BI, Tableau, Looker Studio, etc.)",,148170,Very satisfied,
2025-07-23,2025-07-23,2025-07-23,1963,2007,TRUE,Woman,Swiss,SZ,GL,Not a member,Ten years or more,PhD,Europe,,Post-Doc,TRUE,FALSE,Self-employed,Student,NA,0,NA,Never worked,,"Other programming (C, C++, Java, Python, etc.); Time management",,NA,NA,
2025-10-24,2025-10-24,2025-10-24,1995,2022,TRUE,Man,Swiss,BL,TI,Not a member,Less than one year,University master,Swiss,,Post-Doc,TRUE,TRUE,Employed,Research Scientist,Higher education / Research / Academia,6,90,No managerial function,,"Statistical programming (R, SAS, Python (Statistics and ML libraries), SPSS, Stata, etc.)",,129703.33333333333,Quite satisfied,
2025-10-22,2025-10-22,2025-10-22,1993,2017,FALSE,Man,Swiss,NW,Not in Switzerland,Passive,Less than one year,Master of applied science,Swiss,,No,FALSE,TRUE,Employed,Senior Statistician,Materials,6,100,Middle management,,Project management,,145687,Quite satisfied,
2025-05-30,2025-05-30,2025-05-30,1956,2009,TRUE,Man,Swiss,VS,AR,Passive,Less than one year,Other,Europe,,No,FALSE,TRUE,Employed,Postdoc,Nonprofit organization / Social,15,80,No managerial function,,"Other programming (C, C++, Java, Python, etc.); Data visualization (Power BI, Tableau, Looker Studio, etc.); Scientific writing and/or research; Project management",,223315,Quite satisfied,
2025-12-14,2025-12-14,2025-12-14,1984,2024,TRUE,Woman,Swiss,OW,ZG,Occasional,Ten years or more,Master of applied science,Swiss,,No,FALSE,TRUE,Employed,Postdoc,Watchmaking,0,60,Middle management,,"Statistical programming (R, SAS, Python (Statistics and ML libraries), SPSS, Stata, etc.); Data visualization (Power BI, Tableau, Looker Studio, etc.); Time management",,286243.3333333333,Not at all satisfied,
2025-10-04,2025-10-04,2025-10-04,1964,2003,FALSE,Woman,Swiss,SH,GL,Not a member,Less than ten years,University master,Europe,,No,FALSE,TRUE,Employed,Quantitative Analyst,Consumer goods,27,90,No managerial function,,Time management,,194376.66666666666,Quite satisfied,
2025-09-21,2025-09-21,2025-09-21,1999,2018,TRUE,Man,North America,GE,I do not work,Occasional,Less than ten years,PhD,Swiss,,"Postgraduate in Business/Finance (MBA, EMBA, etc.)",TRUE,FALSE,Self-employed,Student,NA,0,NA,Never worked,,"Other programming (C, C++, Java, Python, etc.); Data visualization (Power BI, Tableau, Looker Studio, etc.); Project management; Time management",,NA,NA,
2025-01-24,2025-01-24,2025-01-24,1971,1999,TRUE,Woman,Swiss,AG,SZ,Occasional,Less than five years,PhD,Swiss,,NA,TRUE,TRUE,Employed,Project Manager,Banking / Finance / Insurance,24,100,Intern / Entry level position,,"Other programming (C, C++, Java, Python, etc.); Data visualization (Power BI, Tableau, Looker Studio, etc.)",,126698,Neutral,
2025-07-25,2025-07-25,2025-07-25,1967,1997,TRUE,Woman,Swiss,SO,LU,Occasional,Less than ten years,PhD,Swiss,,"Certified online training (Coursera, Edx, etc.)",TRUE,TRUE,Employed,ML Engineer,Watchmaking,31,80,Lower management,,"Statistical programming (R, SAS, Python (Statistics and ML libraries), SPSS, Stata, etc.)",,222976.24999999997,Quite satisfied,
NA,2025-02-13,2025-02-13,2003,2023,TRUE,Woman,Europe,JU,AI,Not a member,Less than five years,University master,Swiss,,No,FALSE,TRUE,Employed,Epidemiologist,Primary or Secondary Education,0,90,No managerial function,,"Data visualization (Power BI, Tableau, Looker Studio, etc.)",,183022.22222222222,Quite satisfied,
NA,2025-09-14,2025-09-14,1970,2022,TRUE,Woman,Swiss,NW,FR,Passive,Ten years or more,PhD,Swiss,,No,FALSE,TRUE,Employed,Biostatistician,Engineering consulting,5,70,Intern / Entry level position,,"Statistical programming (R, SAS, Python (Statistics and ML libraries), SPSS, Stata, etc.); Other programming (C, C++, Java, Python, etc.)",,106300,Very satisfied,
2025-10-26,2025-10-26,2025-10-26,1966,1995,TRUE,Woman,Swiss,GL,ZG,Not a member,Less than five years,PhD,Europe,,No,FALSE,FALSE,Self-employed,Student,NA,0,NA,Never worked,,"Other programming (C, C++, Java, Python, etc.)",,NA,NA,
2025-07-02,2025-07-02,2025-07-02,1977,2013,TRUE,Man,Europe,AR,ZG,Passive,Less than ten years,University master,Europe,,No,FALSE,TRUE,Employed,ML Engineer,Banking / Finance / Insurance,7,70,Intern / Entry level position,,Time management,,181060,Quite satisfied,
2025-08-14,2025-08-14,2025-08-14,1962,1980,FALSE,Woman,Swiss,SH,AG,Not a member,Less than ten years,University master,Swiss,,Further training with an employer,TRUE,TRUE,Employed,Project Manager,Pharmaceuticals,47,20,Lower management,,"Data visualization (Power BI, Tableau, Looker Studio, etc.); Scientific writing and/or research; Time management",,311435,Not quite satisfied,
2026-02-05,2026-02-05,2026-02-05,1974,2005,FALSE,Woman,Swiss,UR,VD,Active,Less than five years,University bachelor,Swiss,,No,FALSE,TRUE,Employed,Professor,Government / Public administration,15,100,No managerial function,,Project management,,61874,Quite satisfied,
2026-01-04,2026-01-04,2026-01-04,2002,2020,TRUE,Man,Europe,GE,FR,Not a member,Less than ten years,Other,Africa,,No,FALSE,TRUE,Employed,Epidemiologist,Machinery and Equipment / Automation,6,90,Lower management,,"Statistical programming (R, SAS, Python (Statistics and ML libraries), SPSS, Stata, etc.); Other programming (C, C++, Java, Python, etc.)",,115811.11111111111,Neutral,
2025-09-22,2025-09-22,2025-09-22,1966,2009,FALSE,Man,Swiss,SZ,SH,Volunteer,Less than five years,University master,Swiss,,NA,TRUE,FALSE,Self-employed,Student,NA,0,NA,Never worked,,"Data visualization (Power BI, Tableau, Looker Studio, etc.); Scientific writing and/or research; Time management",,NA,NA,
2025-07-25,2025-07-25,2025-07-25,1984,2018,TRUE,Man,Swiss,BL,FR,Occasional,Ten years or more,Master of applied science,Swiss,,Further training with an employer,TRUE,TRUE,Employed,Consultant,Hospital/ Healthcare,1,90,Middle management,,"Other programming (C, C++, Java, Python, etc.)",,86931.11111111111,Not quite satisfied,
2025-08-03,2025-08-03,2025-08-03,1976,1995,TRUE,Man,Swiss,VS,AR,Not a member,Less than ten years,PhD,Swiss,,No,FALSE,TRUE,Employed,Software Engineer,Chemicals/ Ingredients,29,90,Intern / Entry level position,,"Statistical programming (R, SAS, Python (Statistics and ML libraries), SPSS, Stata, etc.); Data visualization (Power BI, Tableau, Looker Studio, etc.)",,185664.44444444444,Quite satisfied,
2026-01-14,2026-01-14,2026-01-14,2001,2025,TRUE,Woman,Swiss,Not in Switzerland,GE,Not a member,Ten years or more,PhD,Swiss,,No,FALSE,TRUE,Employed,Consultant,Media / Advertising / Communication,0,80,Lower management,,Scientific writing and/or research; Time management,,156275,Quite satisfied,
2025-05-19,2025-05-19,2025-05-19,1975,2020,TRUE,Woman,Swiss,VS,Not in Switzerland,Not a member,Less than one year,University master,Swiss,,Post-Doc,TRUE,TRUE,Employed,Senior Statistician,Pharmaceuticals,5,100,No managerial function,,"Statistical programming (R, SAS, Python (Statistics and ML libraries), SPSS, Stata, etc.); Other programming (C, C++, Java, Python, etc.); Data visualization (Power BI, Tableau, Looker Studio, etc.); Project management",,157806,Very satisfied,
2025-07-21,2025-07-21,2025-07-21,1976,2003,TRUE,Man,Europe,BE,I do not work,Occasional,Less than one year,University bachelor,Swiss,,No,FALSE,TRUE,Employed,Senior Statistician,Electrical / Electronics / Semiconductors,23,60,No managerial function,,"Statistical programming (R, SAS, Python (Statistics and ML libraries), SPSS, Stata, etc.); Time management",,204316.6666666667,Quite satisfied,
2025-02-01,2025-02-01,2025-02-01,1965,2017,FALSE,Man,Swiss,GR,SG,Not a member,Ten years or more,University master,Swiss,,No,FALSE,TRUE,Employed,Data Scientist,Chemicals/ Ingredients,13,100,No managerial function,,"Other programming (C, C++, Java, Python, etc.); Scientific writing and/or research; Project management",,124378,Quite satisfied,
2025-07-28,2025-07-28,2025-07-28,1959,1995,FALSE,Woman,Swiss,BE,I do not work,Not a member,Less than five years,Bachelor of applied science,Swiss,,No,FALSE,TRUE,Employed,Statistician,Media / Advertising / Communication,38,70,Middle management,,"Data visualization (Power BI, Tableau, Looker Studio, etc.); Project management",,134577.14285714284,Neutral,
2025-03-19,2025-03-19,2025-03-19,1972,2025,TRUE,Man,Europe,GR,I do not work,Passive,Less than one year,University master,Swiss,,No,FALSE,TRUE,Employed,Senior Statistician,Biotechnology/ Bioengineering,0,100,Intern / Entry level position,,"Other programming (C, C++, Java, Python, etc.); Project management; Time management",,153957,Neutral,
2025-09-14,2025-09-14,2025-09-14,2000,2024,TRUE,Woman,Swiss,UR,SH,Passive,Less than ten years,University master,North America,,No,FALSE,TRUE,Employed,Data Scientist,Chemicals/ Ingredients,2,70,Lower management,,"Statistical programming (R, SAS, Python (Statistics and ML libraries), SPSS, Stata, etc.); Scientific writing and/or research; Time management",,90420,Quite satisfied,
2025-12-15,2025-12-15,2025-12-15,1983,2002,TRUE,Man,Swiss,TI,SG,Not a member,Ten years or more,Master of applied science,Swiss,,NA,TRUE,TRUE,Employed,Consultant,Real estate,22,100,Intern / Entry level position,,Project management; Time management,,151455,Very satisfied,
2025-03-26,2025-03-26,2025-03-26,1965,2014,FALSE,Woman,Swiss,Not in Switzerland,GE,Passive,Ten years or more,University master,Swiss,,"Postgraduate in Business/Finance (MBA, EMBA, etc.)",TRUE,TRUE,Employed,Postdoc,Medical technologies and devices,5,90,Intern / Entry level position,,"Other programming (C, C++, Java, Python, etc.); Project management",,147304.44444444444,Neutral,
2025-06-06,2025-06-06,2025-06-06,1982,2025,TRUE,Man,Swiss,NW,OW,Passive,Less than five years,University bachelor,Swiss,,No,FALSE,TRUE,Employed,Project Manager,Chemicals/ Ingredients,0,100,Middle management,,NA,,161083,Quite satisfied,
2025-08-01,2025-08-01,2025-08-01,1995,2022,FALSE,Woman,Swiss,SH,AI,Not a member,Less than ten years,PhD,Swiss,,No,FALSE,TRUE,Employed,PhD student,Hospital/ Healthcare,0,100,No managerial function,,NA,,122367,Neutral,
2025-01-22,2025-01-22,2025-01-22,1978,2009,TRUE,Woman,Europe,Not in Switzerland,BE,Passive,Less than five years,University master,Europe,,No,FALSE,TRUE,Employed,Postdoc,Construction/ Civil engineering,14,100,Middle management,,"Statistical programming (R, SAS, Python (Statistics and ML libraries), SPSS, Stata, etc.); Other programming (C, C++, Java, Python, etc.); Project management",,164940,Very satisfied,
2025-01-27,2025-01-27,2025-01-27,1991,2016,TRUE,Man,Swiss,SG,UR,Volunteer,Less than ten years,University master,Swiss,,No,FALSE,TRUE,Employed,Research Scientist,Watchmaking,9,100,Top management,,Scientific writing and/or research,,73159,Neutral,
2025-11-23,2025-11-23,2025-11-23,1972,2002,TRUE,Man,Europe,SO,I do not work,Not a member,Ten years or more,University master,Europe,,NA,TRUE,TRUE,Employed,Research Scientist,Nonprofit organization / Social,27,100,Lower management,,"Statistical programming (R, SAS, Python (Statistics and ML libraries), SPSS, Stata, etc.); Time management",,71477,Not quite satisfied,
2025-02-20,2025-02-20,2025-02-20,1976,2015,FALSE,Man,Swiss,UR,I do not work,Passive,Less than five years,University master,Swiss,,"MAS, DAS, CAS",TRUE,FALSE,Self-employed,Student,NA,0,NA,Never worked,,"Statistical programming (R, SAS, Python (Statistics and ML libraries), SPSS, Stata, etc.); Other programming (C, C++, Java, Python, etc.)",,NA,NA,
2025-01-20,2025-01-20,2025-01-20,1973,1993,TRUE,Man,Swiss,TI,ZH,Not a member,Less than five years,Bachelor of applied science,Swiss,,No,FALSE,TRUE,Employed,ML Engineer,Renewables / Environment,37,60,No managerial function,,"Data visualization (Power BI, Tableau, Looker Studio, etc.); Project management; Time management",,278591.6666666666,Quite satisfied,
2025-02-22,2025-02-22,2025-02-22,1966,1985,FALSE,Man,Swiss,Not in Switzerland,OW,Not a member,Ten years or more,Master of applied science,Swiss,,No,FALSE,FALSE,Unemployed,Retired,NA,0,NA,Never worked,,"Other programming (C, C++, Java, Python, etc.); Project management; Time management",,NA,NA,
2025-07-07,2025-07-07,2025-07-07,1962,2025,TRUE,Woman,Swiss,VS,GR,Occasional,Ten years or more,University master,Europe,,NA,TRUE,FALSE,Employed,Unemployed,NA,0,NA,Never worked,,Scientific writing and/or research; Time management,,NA,NA,
2025-08-04,2025-08-04,2025-08-04,1959,2022,TRUE,Woman,Swiss,SH,BE,Active,Less than five years,University master,North America,,No,FALSE,TRUE,Employed,Consultant,Renewables / Environment,5,90,Middle management,,"Data visualization (Power BI, Tableau, Looker Studio, etc.); Scientific writing and/or research; Time management",,162865.55555555556,Quite satisfied,
2025-07-12,2025-07-12,2025-07-12,1975,2009,TRUE,Woman,Africa,BL,BL,Occasional,Less than five years,University bachelor,Swiss,,"Certified online training (Coursera, Edx, etc.)",TRUE,TRUE,Employed,Professor,IT/ Telecommunicatins industry,12,90,Top management,,"Other programming (C, C++, Java, Python, etc.); Time management",,165224.44444444444,Quite satisfied,
2025-09-27,2025-09-27,2025-09-27,1967,1989,TRUE,Man,Swiss,BS,ZG,Passive,Ten years or more,Master of applied science,Europe,,Further training with an employer,TRUE,TRUE,Employed,Research Scientist,Biotechnology/ Bioengineering,40,90,Intern / Entry level position,,"Data visualization (Power BI, Tableau, Looker Studio, etc.); Time management",,143556.66666666666,Quite satisfied,
2025-09-16,2025-09-16,2025-09-16,1963,2013,TRUE,Woman,Europe,GE,TI,Not a member,Less than ten years,Other,Swiss,,"Postgraduate in Business/Finance (MBA, EMBA, etc.)",TRUE,TRUE,Employed,Quantitative Analyst,Renewables / Environment,18,100,Top management,,"Statistical programming (R, SAS, Python (Statistics and ML libraries), SPSS, Stata, etc.); Project management; Time management",,170439,Quite satisfied,
2025-12-19,2025-12-19,2025-12-19,1991,2022,TRUE,Woman,Swiss,SO,I do not work,Active,Less than ten years,PhD,Europe,,No,FALSE,FALSE,Self-employed,Student,NA,0,NA,Never worked,,"Statistical programming (R, SAS, Python (Statistics and ML libraries), SPSS, Stata, etc.); Project management",,NA,NA,
2025-08-21,2025-08-21,2025-08-21,1970,2004,TRUE,Man,Swiss,SH,FR,Not a member,Less than one year,PhD,Swiss,,No,FALSE,TRUE,Employed,Senior Statistician,Transportation/ Rail,23,100,No managerial function,,"Other programming (C, C++, Java, Python, etc.); Scientific writing and/or research; Project management",,92659,Quite satisfied,
2025-07-03,2025-07-03,2025-07-03,1968,2005,FALSE,Man,Swiss,BE,SG,Not a member,Less than five years,Master of applied science,North America,,Further training with an employer,TRUE,TRUE,Employed,Quantitative Analyst,Primary or Secondary Education,11,100,No managerial function,,"Other programming (C, C++, Java, Python, etc.); Data visualization (Power BI, Tableau, Looker Studio, etc.); Project management; Time management",,63829.99999999999,Not at all satisfied,
2025-04-11,2025-04-11,2025-04-11,1985,2005,FALSE,Woman,Europe,GR,Not in Switzerland,Passive,Less than five years,Bachelor of applied science,Swiss,,No,FALSE,TRUE,Employed,Professor,None,22,80,Top management,,"Other programming (C, C++, Java, Python, etc.)",,213768.75,Quite satisfied,
2025-01-01,2025-01-01,2025-01-01,1988,2006,FALSE,Man,Europe,ZG,VS,Volunteer,Less than five years,PhD,Swiss,,No,FALSE,TRUE,Employed,Biostatistician,Architecture / Urban planning,16,100,Lower management,,"Statistical programming (R, SAS, Python (Statistics and ML libraries), SPSS, Stata, etc.); Time management",,138328,Quite satisfied,
2025-05-07,2025-05-07,2025-05-07,1965,2008,TRUE,Man,Swiss,GR,I do not work,Passive,Less than five years,University master,Europe,,No,FALSE,TRUE,Employed,Epidemiologist,Nonprofit organization / Social,13,100,Top management,,"Other programming (C, C++, Java, Python, etc.)",,144374,Quite satisfied,
2025-11-20,2025-11-20,2025-11-20,1958,2000,TRUE,Woman,Asia,GL,SZ,Not a member,Less than ten years,University master,Europe,,No,FALSE,TRUE,Employed,Professor,Pharmaceuticals,25,100,No managerial function,,"Other programming (C, C++, Java, Python, etc.)",,178537,Very satisfied,
2025-05-26,2025-05-26,2025-05-26,1986,2025,TRUE,Man,Europe,TI,AR,Not a member,Less than five years,PhD,Swiss,,NA,TRUE,TRUE,Employed,Epidemiologist,Electrical / Electronics / Semiconductors,9,100,No managerial function,,"Statistical programming (R, SAS, Python (Statistics and ML libraries), SPSS, Stata, etc.); Data visualization (Power BI, Tableau, Looker Studio, etc.)",,80467,Very satisfied,
2025-02-04,2025-02-04,2025-02-04,1972,2019,TRUE,Man,Swiss,FR,SH,Volunteer,Less than five years,Master of applied science,Swiss,,Post-Doc,TRUE,TRUE,Employed,PhD student,Watchmaking,1,100,Intern / Entry level position,,"Statistical programming (R, SAS, Python (Statistics and ML libraries), SPSS, Stata, etc.); Time management",,168583,Neutral,
2025-08-03,2025-08-03,2025-08-03,1963,1994,TRUE,Man,Swiss,BL,SH,Not a member,Ten years or more,Master of applied science,Swiss,,No,FALSE,TRUE,Employed,Professor,Watchmaking,30,80,Lower management,,Time management,,103137.5,Not quite satisfied,
2025-05-11,2025-05-11,2025-05-11,2003,2025,TRUE,Man,Swiss,TI,I do not work,Passive,Less than five years,University bachelor,Swiss,,"Certified online training (Coursera, Edx, etc.)",TRUE,TRUE,Employed,Statistician,Real estate,1,90,Intern / Entry level position,,"Data visualization (Power BI, Tableau, Looker Studio, etc.)",,70160,Not quite satisfied,
2025-07-02,2025-07-02,2025-07-02,1973,2013,TRUE,Man,Europe,ZG,I do not work,Passive,Less than ten years,University bachelor,Swiss,,No,FALSE,TRUE,Employed,Software Engineer,Consumer goods,10,80,No managerial function,,"Statistical programming (R, SAS, Python (Statistics and ML libraries), SPSS, Stata, etc.); Other programming (C, C++, Java, Python, etc.); Time management",,143176.25,Neutral,
2026-01-10,2026-01-10,2026-01-10,1996,2021,TRUE,Man,Swiss,AG,NE,Passive,Less than ten years,University master,North America,,No,FALSE,TRUE,Employed,Senior Statistician,Automotive,7,100,Lower management,,"Other programming (C, C++, Java, Python, etc.); Data visualization (Power BI, Tableau, Looker Studio, etc.); Scientific writing and/or research; Time management",,104018,Quite satisfied,
2025-11-20,2025-11-20,2025-11-20,1986,2006,TRUE,Woman,Swiss,UR,I do not work,Not a member,Less than five years,PhD,South and Central America,,No,FALSE,TRUE,Employed,Data Scientist,Watchmaking,13,100,No managerial function,,NA,,109500,Very satisfied,
2025-09-17,2025-09-17,2025-09-17,1957,2002,FALSE,Man,Swiss,SG,I do not work,Occasional,Less than five years,Master of applied science,Swiss,,No,FALSE,FALSE,Student,Student,NA,0,NA,Never worked,,"Data visualization (Power BI, Tableau, Looker Studio, etc.); Scientific writing and/or research",,NA,NA,
2025-07-01,2025-07-01,2025-07-01,1958,2008,TRUE,Man,Swiss,SZ,LU,Not a member,Ten years or more,University master,Swiss,,NA,TRUE,TRUE,Employed,ML Engineer,Logistics/ Suplly chain industry,14,90,No managerial function,,"Other programming (C, C++, Java, Python, etc.)",,156612.22222222222,Quite satisfied,
2025-04-06,2025-04-06,2025-04-06,1968,2025,TRUE,Man,Swiss,SZ,SG,Passive,Less than ten years,University bachelor,Swiss,,NA,TRUE,TRUE,Employed,Professor,Consumer goods,0,100,Intern / Entry level position,,"Statistical programming (R, SAS, Python (Statistics and ML libraries), SPSS, Stata, etc.); Other programming (C, C++, Java, Python, etc.); Data visualization (Power BI, Tableau, Looker Studio, etc.); Time management",,178579,Neutral,
2025-09-23,2025-09-23,2025-09-23,1968,1994,TRUE,Man,Swiss,FR,AR,Passive,Ten years or more,University bachelor,Swiss,,NA,TRUE,TRUE,Employed,Epidemiologist,Government / Public administration,31,60,Intern / Entry level position,,"Statistical programming (R, SAS, Python (Statistics and ML libraries), SPSS, Stata, etc.); Project management; Time management",,102220,Neutral,
2025-01-09,2025-01-09,2025-01-09,1983,2009,TRUE,Man,Swiss,GL,ZG,Not a member,Less than ten years,PhD,Swiss,,NA,TRUE,TRUE,Employed,Epidemiologist,Government / Public administration,14,50,Intern / Entry level position,,"Other programming (C, C++, Java, Python, etc.); Data visualization (Power BI, Tableau, Looker Studio, etc.); Project management; Time management",,252656,Quite satisfied,
2026-01-14,2026-01-14,2026-01-14,1957,1988,FALSE,Man,Swiss,OW,AG,Not a member,Less than ten years,PhD,Swiss,,No,FALSE,TRUE,Employed,PhD student,Pharmaceuticals,31,90,No managerial function,,"Statistical programming (R, SAS, Python (Statistics and ML libraries), SPSS, Stata, etc.)",,103259.99999999999,Very satisfied,
2025-01-05,2025-01-05,2025-01-05,1977,1995,TRUE,Other,Swiss,SG,ZG,Active,Less than five years,University master,Swiss,,No,FALSE,TRUE,Employed,Software Engineer,Construction/ Civil engineering,21,80,Intern / Entry level position,,"Statistical programming (R, SAS, Python (Statistics and ML libraries), SPSS, Stata, etc.); Data visualization (Power BI, Tableau, Looker Studio, etc.)",,215415,Quite satisfied,
2025-04-20,2025-04-20,2025-04-20,2002,2021,TRUE,Woman,Europe,BL,TI,Passive,Less than one year,Bachelor of applied science,Swiss,,No,FALSE,TRUE,Employed,Epidemiologist,Consumer goods,3,70,No managerial function,,Project management,,105578.57142857142,Neutral,
2025-07-10,2025-07-10,2025-07-10,1968,2014,FALSE,Woman,Swiss,GR,SZ,Passive,Less than ten years,University master,Middle East,,No,FALSE,FALSE,Student,Student,NA,0,NA,Never worked,,"Statistical programming (R, SAS, Python (Statistics and ML libraries), SPSS, Stata, etc.)",,NA,NA,
2025-06-13,2025-06-13,2025-06-13,1971,1992,FALSE,Woman,South and Central America,NE,Not in Switzerland,Active,Less than five years,PhD,Africa,,No,FALSE,FALSE,Employed,Unemployed,NA,0,NA,Never worked,,Scientific writing and/or research; Time management,,NA,NA,
2025-09-23,2025-09-23,2025-09-23,2002,2025,TRUE,Woman,Swiss,Not in Switzerland,NW,Not a member,Less than one year,PhD,Europe,,Post-Doc,TRUE,TRUE,Employed,Software Engineer,Renewables / Environment,0,60,No managerial function,,"Statistical programming (R, SAS, Python (Statistics and ML libraries), SPSS, Stata, etc.); Other programming (C, C++, Java, Python, etc.); Scientific writing and/or research",,276266.6666666666,Neutral,
2026-01-24,2026-01-24,2026-01-24,1986,2020,TRUE,Woman,Swiss,AI,SG,Occasional,Less than one year,University master,Africa,,NA,TRUE,TRUE,Employed,Data Scientist,Luxury goods,7,100,Intern / Entry level position,,"Statistical programming (R, SAS, Python (Statistics and ML libraries), SPSS, Stata, etc.); Time management",,161267,Quite satisfied,
2025-04-07,2025-04-07,2025-04-07,1966,2025,TRUE,Woman,Swiss,JU,I do not work,Occasional,Ten years or more,PhD,Europe,,"Postgraduate in Business/Finance (MBA, EMBA, etc.)",TRUE,FALSE,Employed,Unemployed,NA,0,NA,Never worked,,Scientific writing and/or research; Time management,,NA,NA,
2025-04-07,2025-04-07,2025-04-07,1977,2015,TRUE,Woman,Swiss,AR,TI,Not a member,Less than one year,University master,Swiss,,"MAS, DAS, CAS",TRUE,TRUE,Employed,Data Scientist,Consumer goods,9,100,Lower management,,"Statistical programming (R, SAS, Python (Statistics and ML libraries), SPSS, Stata, etc.); Scientific writing and/or research; Time management",,167086,Quite satisfied,
2025-05-26,2025-05-26,2025-05-26,1982,2023,TRUE,Woman,Swiss,SO,GE,Not a member,Less than ten years,Master of applied science,Swiss,,No,FALSE,FALSE,Self-employed,Student,NA,0,NA,Never worked,,NA,,NA,NA,
NA,2025-04-16,2025-04-16,1978,2012,TRUE,Man,Europe,FR,OW,Active,Less than five years,University master,Europe,,No,FALSE,TRUE,Employed,Data Analyst,Materials,13,90,No managerial function,,"Other programming (C, C++, Java, Python, etc.); Data visualization (Power BI, Tableau, Looker Studio, etc.); Project management",,75358.88888888889,Not at all satisfied,
2025-05-11,2025-05-11,2025-05-11,1998,2019,TRUE,Woman,Swiss,TI,SO,Active,Less than one year,PhD,Europe,,"Postgraduate in Business/Finance (MBA, EMBA, etc.)",TRUE,TRUE,Employed,Consultant,Audit/ Consulting/ Professional service,0,100,No managerial function,,"Data visualization (Power BI, Tableau, Looker Studio, etc.); Scientific writing and/or research; Project management",,65046,Quite satisfied,
2025-01-25,2025-01-25,2025-01-25,1973,1995,TRUE,Man,Europe,JU,AR,Passive,Less than five years,University master,Swiss,,No,FALSE,TRUE,Employed,Project Manager,Pharmaceuticals,33,100,Intern / Entry level position,,"Other programming (C, C++, Java, Python, etc.); Data visualization (Power BI, Tableau, Looker Studio, etc.); Project management; Time management",,165301,Not at all satisfied,
2025-11-07,2025-11-07,2025-11-07,1979,2008,TRUE,Woman,Swiss,AI,GL,Not a member,Less than ten years,University master,Swiss,,Post-Doc,TRUE,FALSE,Self-employed,Student,NA,0,NA,Never worked,,"Data visualization (Power BI, Tableau, Looker Studio, etc.); Project management; Time management",,NA,NA,
2025-09-30,2025-09-30,2025-09-30,1974,2024,TRUE,Man,Swiss,SO,I do not work,Passive,Less than five years,University master,South and Central America,,Post-Doc,TRUE,TRUE,Employed,Professor,Transportation/ Rail,4,100,Lower management,,"Other programming (C, C++, Java, Python, etc.)",,62377,Neutral,
2025-11-07,2025-11-07,2025-11-07,1999,2022,TRUE,Man,Swiss,VD,JU,Not a member,Less than five years,PhD,Swiss,,No,FALSE,TRUE,Employed,Epidemiologist,Transportation/ Rail,0,100,Middle management,,Scientific writing and/or research,,115295,Quite satisfied,
2025-03-04,2025-03-04,2025-03-04,1979,2024,FALSE,Woman,Swiss,NE,Not in Switzerland,Volunteer,Less than five years,University bachelor,Swiss,,No,FALSE,TRUE,Employed,Data Scientist,Higher education / Research / Academia,0,60,Lower management,,"Other programming (C, C++, Java, Python, etc.); Project management; Time management",,237481.66666666666,Neutral,
2025-11-21,2025-11-21,2025-11-21,1993,2014,FALSE,Woman,Europe,VS,JU,Not a member,Less than five years,University master,Swiss,,"Postgraduate in Business/Finance (MBA, EMBA, etc.)",TRUE,TRUE,Employed,Data Analyst,Renewables / Environment,11,40,Intern / Entry level position,,"Statistical programming (R, SAS, Python (Statistics and ML libraries), SPSS, Stata, etc.); Other programming (C, C++, Java, Python, etc.); Data visualization (Power BI, Tableau, Looker Studio, etc.); Project management",,263697.5,Very satisfied,
2025-10-29,2025-10-29,2025-10-29,1962,2003,FALSE,Woman,North America,BS,JU,Not a member,Less than one year,PhD,Swiss,,"MAS, DAS, CAS",TRUE,TRUE,Employed,ML Engineer,Media / Advertising / Communication,21,100,Lower management,,"Data visualization (Power BI, Tableau, Looker Studio, etc.); Scientific writing and/or research; Time management",,103598,Neutral,
2025-04-15,2025-04-15,2025-04-15,1973,2021,FALSE,Man,Swiss,Not in Switzerland,AG,Not a member,Ten years or more,Master of applied science,North America,,NA,TRUE,FALSE,Student,Student,NA,0,NA,Never worked,,"Statistical programming (R, SAS, Python (Statistics and ML libraries), SPSS, Stata, etc.); Other programming (C, C++, Java, Python, etc.); Scientific writing and/or research",,NA,NA,
2025-01-21,2025-01-21,2025-01-21,1979,2012,FALSE,Other,Europe,TG,I do not work,Active,Ten years or more,University bachelor,North America,,Post-Doc,TRUE,TRUE,Employed,Project Manager,Construction/ Civil engineering,8,90,No managerial function,,"Data visualization (Power BI, Tableau, Looker Studio, etc.)",,122003.33333333333,Neutral,
2025-09-27,2025-09-27,2025-09-27,2002,2024,TRUE,Man,Swiss,BE,Not in Switzerland,Not a member,Ten years or more,University master,North America,,No,FALSE,FALSE,Unemployed,Retired,NA,0,NA,Never worked,,"Other programming (C, C++, Java, Python, etc.); Scientific writing and/or research; Project management",,NA,NA,
2025-05-07,2025-05-07,2025-05-07,1955,1996,FALSE,Woman,Swiss,BE,NE,Active,Less than ten years,University bachelor,Swiss,,Post-Doc,TRUE,TRUE,Employed,Research Scientist,Banking / Finance / Insurance,27,100,No managerial function,,Project management; Time management,,90974,Not at all satisfied,
2025-07-23,2025-07-23,2025-07-23,1967,1992,TRUE,Woman,Swiss,GR,LU,Volunteer,Ten years or more,Master of applied science,Swiss,,"MAS, DAS, CAS",TRUE,TRUE,Employed,Quantitative Analyst,Chemicals/ Ingredients,31,50,Lower management,,"Data visualization (Power BI, Tableau, Looker Studio, etc.); Time management",,203340,Quite satisfied,
2026-02-04,2026-02-04,2026-02-04,2003,2025,TRUE,Man,Swiss,SO,I do not work,Not a member,Less than ten years,Other,Swiss,,"Certified online training (Coursera, Edx, etc.)",TRUE,TRUE,Employed,Postdoc,Construction/ Civil engineering,0,70,Lower management,,"Other programming (C, C++, Java, Python, etc.); Time management",,138865.7142857143,Not at all satisfied,
2025-08-30,2025-08-30,2025-08-30,2003,2024,FALSE,Woman,Europe,AG,Not in Switzerland,Not a member,Less than five years,Bachelor of applied science,Europe,,"Certified online training (Coursera, Edx, etc.)",TRUE,TRUE,Employed,Postdoc,Electrical / Electronics / Semiconductors,1,70,No managerial function,,Scientific writing and/or research; Project management; Time management,,211627.14285714287,Quite satisfied,
2025-04-03,2025-04-03,2025-04-03,1975,2001,TRUE,Man,Swiss,SZ,BL,Not a member,Less than five years,Bachelor of applied science,Europe,,No,FALSE,TRUE,Employed,Statistician,Machinery and Equipment / Automation,14,90,Top management,,"Other programming (C, C++, Java, Python, etc.)",,153215.55555555556,Quite satisfied,
2025-07-18,2025-07-18,2025-07-18,1979,2011,FALSE,Man,Swiss,BE,BL,Not a member,Less than five years,University master,Swiss,,No,FALSE,TRUE,Employed,Software Engineer,Banking / Finance / Insurance,5,100,No managerial function,,"Other programming (C, C++, Java, Python, etc.)",,65241,Neutral,
2025-12-05,2025-12-05,2025-12-05,1971,2004,FALSE,Man,Swiss,Not in Switzerland,Not in Switzerland,Volunteer,Less than five years,Master of applied science,Swiss,,No,FALSE,TRUE,Employed,PhD student,Chemicals/ Ingredients,21,100,No managerial function,,NA,,94346,Not quite satisfied,
2025-07-09,2025-07-09,2025-07-09,1978,2022,FALSE,Woman,Swiss,BS,I do not work,Not a member,Less than ten years,Master of applied science,Swiss,,No,FALSE,TRUE,Employed,Biostatistician,Media / Advertising / Communication,4,50,Middle management,,"Other programming (C, C++, Java, Python, etc.); Scientific writing and/or research",,136408,Quite satisfied,
2025-10-19,2025-10-19,2025-10-19,1966,1993,TRUE,Man,Swiss,SO,AR,Occasional,Less than five years,Bachelor of applied science,Swiss,,No,FALSE,TRUE,Employed,Senior Statistician,Banking / Finance / Insurance,22,90,No managerial function,,NA,,71654.44444444445,Quite satisfied,
2025-07-07,2025-07-07,2025-07-07,1971,1996,TRUE,Woman,Europe,ZG,AG,Occasional,Less than one year,PhD,Europe,,No,FALSE,TRUE,Employed,Consultant,Higher education / Research / Academia,23,80,Lower management,,"Data visualization (Power BI, Tableau, Looker Studio, etc.)",,222275,Not quite satisfied,
NA,2025-04-08,2025-04-08,1957,1980,TRUE,Woman,Swiss,AR,VD,Active,Less than five years,University master,Swiss,,NA,TRUE,FALSE,Self-employed,Student,NA,0,NA,Never worked,,"Other programming (C, C++, Java, Python, etc.)",,NA,NA,
2025-09-12,2025-09-12,2025-09-12,1964,2007,TRUE,Prefer not to say,Swiss,Not in Switzerland,Not in Switzerland,Not a member,Less than five years,University bachelor,Swiss,,No,FALSE,TRUE,Employed,Data Analyst,Banking / Finance / Insurance,19,100,Middle management,,"Data visualization (Power BI, Tableau, Looker Studio, etc.)",,90746,Very satisfied,
2026-01-29,2026-01-29,2026-01-29,1977,2019,FALSE,Man,Swiss,BL,VD,Not a member,Less than ten years,PhD,Swiss,,No,FALSE,TRUE,Employed,Senior Statistician,Hospital/ Healthcare,0,50,Middle management,,"Statistical programming (R, SAS, Python (Statistics and ML libraries), SPSS, Stata, etc.); Scientific writing and/or research",,241980.00000000003,Neutral,
2025-03-11,2025-03-11,2025-03-11,1970,1996,TRUE,Other,Swiss,Not in Switzerland,ZG,Not a member,Less than one year,PhD,Swiss,,"Postgraduate in Business/Finance (MBA, EMBA, etc.)",TRUE,TRUE,Employed,Consultant,Pharmaceuticals,31,100,Intern / Entry level position,,NA,,161632,Very satisfied,
2025-12-02,2025-12-02,2025-12-02,1998,2023,TRUE,Man,Swiss,ZG,FR,Not a member,Less than five years,University bachelor,Swiss,,No,FALSE,TRUE,Employed,Senior Statistician,Electrical / Electronics / Semiconductors,0,80,Intern / Entry level position,,"Statistical programming (R, SAS, Python (Statistics and ML libraries), SPSS, Stata, etc.); Time management",,113023.75,Quite satisfied,
2025-07-30,2025-07-30,2025-07-30,1987,2015,TRUE,Man,Swiss,SG,LU,Occasional,Less than five years,University bachelor,Europe,,"Certified online training (Coursera, Edx, etc.)",TRUE,TRUE,Employed,Consultant,Engineering consulting,8,100,No managerial function,,Project management,,132116,Quite satisfied,
2026-02-05,2026-02-05,2026-02-05,1986,2006,FALSE,Man,Swiss,BL,TG,Passive,Less than ten years,PhD,Swiss,,No,FALSE,TRUE,Employed,Consultant,Watchmaking,17,40,No managerial function,,Scientific writing and/or research,,219047.5,Quite satisfied,
2025-12-05,2025-12-05,2025-12-05,1976,2008,TRUE,Man,Swiss,OW,NE,Volunteer,Ten years or more,University master,Swiss,,No,FALSE,TRUE,Employed,Postdoc,Pharmaceuticals,17,60,Lower management,,NA,,144795,Not at all satisfied,
2025-11-07,2025-11-07,2025-11-07,1971,2021,FALSE,Man,Europe,Not in Switzerland,GE,Not a member,Ten years or more,PhD,Middle East,,No,FALSE,TRUE,Employed,Epidemiologist,Materials,0,100,Top management,,"Other programming (C, C++, Java, Python, etc.); Data visualization (Power BI, Tableau, Looker Studio, etc.)",,102705,Very satisfied,
2025-05-10,2025-05-10,2025-05-10,1987,2013,TRUE,Woman,Swiss,ZG,GL,Passive,Ten years or more,PhD,Swiss,,No,FALSE,TRUE,Employed,Epidemiologist,Architecture / Urban planning,12,90,No managerial function,,"Other programming (C, C++, Java, Python, etc.); Scientific writing and/or research",,102040,Neutral,
2025-03-30,2025-03-30,2025-03-30,1987,2005,TRUE,Man,Swiss,SO,Not in Switzerland,Occasional,Less than ten years,University master,Europe,,"MAS, DAS, CAS",TRUE,TRUE,Employed,Epidemiologist,Renewables / Environment,21,100,Lower management,,NA,,80672,Very satisfied,
2025-04-09,2025-04-09,2025-04-09,1997,2024,TRUE,Man,Swiss,BE,LU,Volunteer,Less than five years,Master of applied science,Europe,,No,FALSE,TRUE,Employed,Statistician,Renewables / Environment,0,100,No managerial function,,"Data visualization (Power BI, Tableau, Looker Studio, etc.); Project management; Time management",,146556,Not quite satisfied,
2025-07-31,2025-07-31,2025-07-31,1987,2006,TRUE,Man,Swiss,OW,OW,Passive,Less than ten years,University bachelor,South and Central America,,Post-Doc,TRUE,TRUE,Employed,Project Manager,Real estate,23,70,Intern / Entry level position,,Time management,,244385.71428571426,Not quite satisfied,
NA,2025-05-08,2025-05-08,2000,2021,FALSE,Man,Swiss,Not in Switzerland,TG,Occasional,Less than ten years,PhD,Swiss,,No,FALSE,TRUE,Employed,Consultant,Materials,3,100,Lower management,,"Data visualization (Power BI, Tableau, Looker Studio, etc.)",,78875,Quite satisfied,
2025-03-11,2025-03-11,2025-03-11,1994,2016,TRUE,Man,Europe,VD,OW,Not a member,Less than one year,PhD,Europe,,No,FALSE,TRUE,Employed,Project Manager,Other,8,100,No managerial function,,Scientific writing and/or research; Project management,,105706,Very satisfied,
2025-06-05,2025-06-05,2025-06-05,1969,1991,TRUE,Man,Swiss,AI,SG,Not a member,Less than ten years,Master of applied science,Europe,,"MAS, DAS, CAS",TRUE,TRUE,Employed,Data Scientist,Electrical / Electronics / Semiconductors,30,100,No managerial function,,Scientific writing and/or research; Project management,,82498,Quite satisfied,
2025-12-28,2025-12-28,2025-12-28,1956,2017,FALSE,Woman,Swiss,AI,Not in Switzerland,Passive,Less than five years,University bachelor,Swiss,,Further training with an employer,TRUE,TRUE,Employed,Biostatistician,Pharmaceuticals,10,100,No managerial function,,Scientific writing and/or research; Project management,,66295,Quite satisfied,
NA,2025-07-10,2025-07-10,1978,2005,FALSE,Woman,Swiss,ZH,I do not work,Not a member,Less than ten years,Master of applied science,Swiss,,No,FALSE,TRUE,Employed,PhD student,Primary or Secondary Education,18,100,No managerial function,,"Statistical programming (R, SAS, Python (Statistics and ML libraries), SPSS, Stata, etc.); Scientific writing and/or research",,120146,Neutral,
NA,2025-05-11,2025-05-11,1980,2015,TRUE,Woman,Swiss,GE,FR,Volunteer,Less than one year,PhD,Europe,,No,FALSE,TRUE,Employed,Project Manager,None,11,60,Lower management,,"Data visualization (Power BI, Tableau, Looker Studio, etc.); Project management; Time management",,182173.33333333334,Not quite satisfied,
2026-02-10,2026-02-10,2026-02-10,1969,2020,FALSE,Man,Swiss,Not in Switzerland,SG,Passive,Less than ten years,University bachelor,Europe,,"Postgraduate in Business/Finance (MBA, EMBA, etc.)",TRUE,TRUE,Employed,Senior Statistician,Banking / Finance / Insurance,7,100,Lower management,,Scientific writing and/or research,,123667,Not at all satisfied,
2026-01-07,2026-01-07,2026-01-07,1968,2011,TRUE,Man,Swiss,SO,JU,Occasional,Less than ten years,University master,Swiss,,Further training with an employer,TRUE,TRUE,Employed,Consultant,Automotive,9,80,No managerial function,,"Statistical programming (R, SAS, Python (Statistics and ML libraries), SPSS, Stata, etc.)",,125647.49999999999,Neutral,
2025-01-07,2025-01-07,2025-01-07,1968,2002,TRUE,Man,Swiss,FR,GE,Passive,Ten years or more,University master,Europe,,NA,TRUE,TRUE,Employed,Statistician,Machinery and Equipment / Automation,18,100,No managerial function,,Scientific writing and/or research; Project management,,166865,Very satisfied,
2025-03-09,2025-03-09,2025-03-09,1970,2012,TRUE,Woman,Swiss,Not in Switzerland,JU,Passive,Ten years or more,University bachelor,Swiss,,Further training with an employer,TRUE,TRUE,Employed,Statistician,Primary or Secondary Education,17,100,Intern / Entry level position,,Project management,,154818,Very satisfied,
2025-02-14,2025-02-14,2025-02-14,2004,2022,TRUE,Man,Swiss,BE,ZG,Passive,Less than five years,PhD,Swiss,,Further training with an employer,TRUE,TRUE,Employed,Quantitative Analyst,Architecture / Urban planning,0,90,Lower management,,Scientific writing and/or research,,121072.22222222222,Very satisfied,
2025-11-18,2025-11-18,2025-11-18,1957,2008,TRUE,Other,Swiss,ZH,SG,Passive,Less than five years,University master,Europe,,"MAS, DAS, CAS",TRUE,TRUE,Employed,Research Scientist,Oil and gas / Energy,19,70,Lower management,,"Statistical programming (R, SAS, Python (Statistics and ML libraries), SPSS, Stata, etc.); Data visualization (Power BI, Tableau, Looker Studio, etc.); Scientific writing and/or research; Time management",,146454.2857142857,Not quite satisfied,
2025-09-21,2025-09-21,2025-09-21,1984,2006,TRUE,Prefer not to say,Swiss,GR,I do not work,Not a member,Less than five years,PhD,Swiss,,No,FALSE,TRUE,Employed,Consultant,Chemicals/ Ingredients,15,40,No managerial function,,Scientific writing and/or research,,194180,Not quite satisfied,
2025-07-09,2025-07-09,2025-07-09,1976,2015,FALSE,Woman,Swiss,ZG,I do not work,Occasional,Less than one year,PhD,Swiss,,No,FALSE,TRUE,Employed,Data Analyst,Renewables / Environment,13,70,Intern / Entry level position,,NA,,223525.71428571426,Very satisfied,
2025-08-15,2025-08-15,2025-08-15,1996,2019,FALSE,Man,Swiss,OW,GL,Not a member,Less than ten years,University master,Swiss,,No,FALSE,TRUE,Employed,Consultant,Engineering consulting,6,70,Middle management,,"Statistical programming (R, SAS, Python (Statistics and ML libraries), SPSS, Stata, etc.); Other programming (C, C++, Java, Python, etc.); Data visualization (Power BI, Tableau, Looker Studio, etc.); Project management",,225369.99999999997,Neutral,
2025-02-21,2025-02-21,2025-02-21,1973,2013,FALSE,Man,Swiss,VD,TI,Not a member,Less than one year,University master,Swiss,,NA,TRUE,TRUE,Employed,Consultant,Engineering consulting,8,90,Top management,,"Statistical programming (R, SAS, Python (Statistics and ML libraries), SPSS, Stata, etc.); Scientific writing and/or research",,126781.11111111111,Quite satisfied,
2025-10-24,2025-10-24,2025-10-24,1971,2004,TRUE,Man,Swiss,ZG,FR,Not a member,Less than five years,University bachelor,South and Central America,,No,FALSE,FALSE,Self-employed,Student,NA,0,NA,Never worked,,"Data visualization (Power BI, Tableau, Looker Studio, etc.); Scientific writing and/or research",,NA,NA,
NA,2025-12-07,2025-12-07,1972,1996,TRUE,Woman,Europe,FR,I do not work,Passive,Ten years or more,University master,Europe,,"Postgraduate in Business/Finance (MBA, EMBA, etc.)",TRUE,TRUE,Employed,Data Analyst,Biotechnology/ Bioengineering,28,100,Middle management,,Project management,,138182,Not quite satisfied,
2025-07-03,2025-07-03,2025-07-03,1966,1988,TRUE,Woman,Swiss,AR,I do not work,Passive,Less than ten years,PhD,Swiss,,"Certified online training (Coursera, Edx, etc.)",TRUE,TRUE,Employed,Consultant,None,33,50,Intern / Entry level position,,"Data visualization (Power BI, Tableau, Looker Studio, etc.); Project management; Time management",,235402,Quite satisfied,
2025-06-01,2025-06-01,2025-06-01,1967,2016,TRUE,Woman,Swiss,GL,I do not work,Not a member,Ten years or more,PhD,Europe,,No,FALSE,FALSE,Self-employed,Student,NA,0,NA,Never worked,,"Statistical programming (R, SAS, Python (Statistics and ML libraries), SPSS, Stata, etc.); Time management",,NA,NA,
2025-10-13,2025-10-13,2025-10-13,1967,1998,TRUE,Woman,Europe,UR,AG,Passive,Less than ten years,PhD,Swiss,,"MAS, DAS, CAS",TRUE,FALSE,Self-employed,Student,NA,0,NA,Never worked,,Scientific writing and/or research; Time management,,NA,NA,
2025-12-21,2025-12-21,2025-12-21,1964,2007,TRUE,Man,Swiss,OW,SZ,Not a member,Less than one year,Master of applied science,Swiss,,Further training with an employer,TRUE,TRUE,Employed,Statistician,Hospital/ Healthcare,14,70,Lower management,,Project management; Time management,,179722.85714285716,Very satisfied,
2025-11-09,2025-11-09,2025-11-09,1957,2015,FALSE,Man,Swiss,OW,NW,Passive,Less than one year,Other,South and Central America,,"Certified online training (Coursera, Edx, etc.)",TRUE,TRUE,Employed,Research Scientist,Banking / Finance / Insurance,3,80,No managerial function,,"Other programming (C, C++, Java, Python, etc.); Scientific writing and/or research; Project management; Time management",,97741.25,Not quite satisfied,
2025-08-28,2025-08-28,2025-08-28,1979,2005,TRUE,Woman,Europe,VS,OW,Not a member,Less than ten years,PhD,Europe,,"Certified online training (Coursera, Edx, etc.)",TRUE,TRUE,Employed,Senior Statistician,Electrical / Electronics / Semiconductors,14,80,No managerial function,,"Statistical programming (R, SAS, Python (Statistics and ML libraries), SPSS, Stata, etc.)",,209780.00000000003,Not quite satisfied,
2025-01-08,2025-01-08,2025-01-08,1999,2019,FALSE,Man,Swiss,Not in Switzerland,BL,Active,Less than five years,University master,Swiss,,Further training with an employer,TRUE,FALSE,Unemployed,Retired,NA,0,NA,Never worked,,"Other programming (C, C++, Java, Python, etc.); Time management",,NA,NA,
2025-01-24,2025-01-24,2025-01-24,1959,1991,TRUE,Woman,Swiss,GR,OW,Active,Less than five years,PhD,Europe,,NA,TRUE,TRUE,Employed,Biostatistician,Hospital/ Healthcare,31,100,Middle management,,Scientific writing and/or research,,104090.00000000001,Quite satisfied,
2025-06-28,2025-06-28,2025-06-28,1996,2021,FALSE,Woman,Swiss,BE,OW,Not a member,Less than five years,PhD,Swiss,,No,FALSE,TRUE,Employed,Quantitative Analyst,None,1,100,No managerial function,,"Data visualization (Power BI, Tableau, Looker Studio, etc.); Time management",,121858.99999999999,Neutral,
2025-04-23,2025-04-23,2025-04-23,1984,2005,FALSE,Man,Swiss,SO,NE,Passive,Less than five years,University master,Swiss,,No,FALSE,TRUE,Employed,Software Engineer,Logistics/ Suplly chain industry,20,40,Intern / Entry level position,,"Other programming (C, C++, Java, Python, etc.); Scientific writing and/or research; Project management",,441925,Quite satisfied,
2025-06-17,2025-06-17,2025-06-17,1995,2022,TRUE,Woman,Swiss,OW,GL,Not a member,Less than ten years,University master,Swiss,,No,FALSE,FALSE,Student,Student,NA,0,NA,Never worked,,"Data visualization (Power BI, Tableau, Looker Studio, etc.); Scientific writing and/or research",,NA,NA,
2025-04-14,2025-04-14,2025-04-14,1963,2022,TRUE,Woman,Europe,SZ,UR,Not a member,Ten years or more,PhD,Swiss,,"Certified online training (Coursera, Edx, etc.)",TRUE,TRUE,Employed,Research Scientist,Media / Advertising / Communication,9,70,No managerial function,,Scientific writing and/or research,,177954.2857142857,Quite satisfied,
2025-05-20,2025-05-20,2025-05-20,1967,1996,TRUE,Man,Swiss,NE,SH,Not a member,Less than ten years,University master,Swiss,,Post-Doc,TRUE,TRUE,Employed,ML Engineer,Biotechnology/ Bioengineering,34,90,Intern / Entry level position,,Scientific writing and/or research,,82965.55555555556,Not quite satisfied,
2025-12-28,2025-12-28,2025-12-28,1991,2016,TRUE,Woman,Swiss,TG,Not in Switzerland,Volunteer,Less than five years,University master,Swiss,,"MAS, DAS, CAS",TRUE,TRUE,Employed,Data Analyst,Oil and gas / Energy,9,80,Lower management,,"Statistical programming (R, SAS, Python (Statistics and ML libraries), SPSS, Stata, etc.); Other programming (C, C++, Java, Python, etc.)",,106646.25000000001,Quite satisfied,
2025-11-08,2025-11-08,2025-11-08,1986,2015,FALSE,Woman,Swiss,Not in Switzerland,GE,Not a member,Less than ten years,University bachelor,Swiss,,NA,TRUE,TRUE,Employed,Data Analyst,None,13,80,No managerial function,,"Statistical programming (R, SAS, Python (Statistics and ML libraries), SPSS, Stata, etc.); Other programming (C, C++, Java, Python, etc.); Data visualization (Power BI, Tableau, Looker Studio, etc.); Time management",,100907.5,Neutral,
2025-05-02,2025-05-02,2025-05-02,1971,2022,TRUE,Man,Swiss,SO,ZG,Active,Less than five years,University master,Swiss,,"Postgraduate in Business/Finance (MBA, EMBA, etc.)",TRUE,TRUE,Employed,Epidemiologist,Audit/ Consulting/ Professional service,1,70,Intern / Entry level position,,Scientific writing and/or research,,233011.42857142858,Not quite satisfied,
2025-06-17,2025-06-17,2025-06-17,1964,2006,FALSE,Man,Swiss,VS,FR,Passive,Less than one year,Master of applied science,Swiss,,No,FALSE,TRUE,Employed,Quantitative Analyst,Audit/ Consulting/ Professional service,12,100,No managerial function,,Project management,,103601,Not at all satisfied,
2025-08-24,2025-08-24,2025-08-24,1962,1989,TRUE,Woman,Swiss,GR,GL,Passive,Ten years or more,University bachelor,Swiss,,No,FALSE,TRUE,Employed,Data Scientist,Architecture / Urban planning,33,100,No managerial function,,"Statistical programming (R, SAS, Python (Statistics and ML libraries), SPSS, Stata, etc.); Time management",,98819,Quite satisfied,
2025-05-25,2025-05-25,2025-05-25,1961,1993,FALSE,Woman,Swiss,BE,SG,Volunteer,Less than one year,Bachelor of applied science,Swiss,,NA,TRUE,TRUE,Employed,Data Scientist,Nonprofit organization / Social,29,100,Lower management,,"Other programming (C, C++, Java, Python, etc.); Scientific writing and/or research",,178986,Not quite satisfied,
2025-05-19,2025-05-19,2025-05-19,1957,2013,TRUE,Man,Europe,VD,AR,Not a member,Less than ten years,Bachelor of applied science,Swiss,,No,FALSE,TRUE,Employed,Quantitative Analyst,Nonprofit organization / Social,13,100,Top management,,"Other programming (C, C++, Java, Python, etc.); Time management",,160109,Neutral,
2026-02-06,2026-02-06,2026-02-06,1970,2006,FALSE,Man,Swiss,UR,FR,Passive,Less than ten years,University bachelor,North America,,No,FALSE,FALSE,Self-employed,Student,NA,0,NA,Never worked,,"Other programming (C, C++, Java, Python, etc.); Data visualization (Power BI, Tableau, Looker Studio, etc.); Scientific writing and/or research; Time management",,NA,NA,
2025-05-09,2025-05-09,2025-05-09,1956,1985,TRUE,Woman,Swiss,VS,VS,Volunteer,Less than five years,University bachelor,Swiss,,No,FALSE,FALSE,Student,Student,NA,0,NA,Never worked,,"Data visualization (Power BI, Tableau, Looker Studio, etc.); Scientific writing and/or research",,NA,NA,
2025-03-22,2025-03-22,2025-03-22,1996,2023,TRUE,Man,Swiss,SZ,Not in Switzerland,Not a member,Less than ten years,PhD,Swiss,,"Certified online training (Coursera, Edx, etc.)",TRUE,FALSE,Employed,Unemployed,NA,0,NA,Never worked,,"Statistical programming (R, SAS, Python (Statistics and ML libraries), SPSS, Stata, etc.); Data visualization (Power BI, Tableau, Looker Studio, etc.); Scientific writing and/or research",,NA,NA,
NA,2025-10-07,2025-10-07,1979,2020,FALSE,Man,Europe,AI,SO,Active,Less than five years,University master,Europe,,NA,TRUE,TRUE,Employed,Data Scientist,Primary or Secondary Education,5,80,Lower management,,Time management,,130011.25,Quite satisfied,
2025-10-01,2025-10-01,2025-10-01,1975,2016,TRUE,Woman,Swiss,UR,TI,Not a member,Less than one year,PhD,Swiss,,No,FALSE,TRUE,Employed,ML Engineer,Construction/ Civil engineering,7,100,No managerial function,,"Data visualization (Power BI, Tableau, Looker Studio, etc.); Project management",,171468,Neutral,
2025-12-05,2025-12-05,2025-12-05,1992,2021,FALSE,Man,Swiss,BS,I do not work,Not a member,Ten years or more,PhD,Swiss,,No,FALSE,TRUE,Employed,Project Manager,None,2,80,No managerial function,,NA,,137046.25,Not quite satisfied,
2025-02-18,2025-02-18,2025-02-18,1971,1989,TRUE,Woman,Africa,UR,SO,Occasional,Less than five years,University master,Swiss,,No,FALSE,TRUE,Employed,Software Engineer,Real estate,33,70,Middle management,,"Other programming (C, C++, Java, Python, etc.); Project management",,194800,Quite satisfied,
2025-03-27,2025-03-27,2025-03-27,1962,2010,TRUE,Other,Swiss,AI,I do not work,Active,Less than ten years,University bachelor,Swiss,,"MAS, DAS, CAS",TRUE,TRUE,Employed,Epidemiologist,Renewables / Environment,13,100,No managerial function,,"Statistical programming (R, SAS, Python (Statistics and ML libraries), SPSS, Stata, etc.); Project management; Time management",,118540.00000000001,Quite satisfied,
2025-01-15,2025-01-15,2025-01-15,1960,1981,TRUE,Woman,Swiss,GR,SH,Not a member,Less than ten years,PhD,Europe,,No,FALSE,TRUE,Employed,Senior Statistician,Chemicals/ Ingredients,48,100,Lower management,,"Statistical programming (R, SAS, Python (Statistics and ML libraries), SPSS, Stata, etc.); Data visualization (Power BI, Tableau, Looker Studio, etc.); Scientific writing and/or research",,140284,Quite satisfied,
2025-04-15,2025-04-15,2025-04-15,1992,2011,TRUE,Man,Swiss,GE,I do not work,Not a member,Ten years or more,Bachelor of applied science,South and Central America,,No,FALSE,FALSE,Self-employed,Student,NA,0,NA,Never worked,,Time management,,NA,NA,
2025-12-13,2025-12-13,2025-12-13,1962,1989,TRUE,Woman,Swiss,GR,GL,Occasional,Less than one year,University master,Europe,,Post-Doc,TRUE,TRUE,Employed,Quantitative Analyst,Government / Public administration,29,60,Middle management,,Scientific writing and/or research,,256169.99999999997,Quite satisfied,
2025-03-19,2025-03-19,2025-03-19,1964,2025,TRUE,Woman,Swiss,SO,SH,Passive,Less than five years,Master of applied science,Europe,,No,FALSE,TRUE,Employed,PhD student,Media / Advertising / Communication,0,40,No managerial function,,"Other programming (C, C++, Java, Python, etc.); Data visualization (Power BI, Tableau, Looker Studio, etc.); Time management",,319065,Quite satisfied,
2025-01-30,2025-01-30,2025-01-30,1966,2014,TRUE,Man,Swiss,Not in Switzerland,SO,Not a member,Less than five years,Master of applied science,Swiss,,No,FALSE,TRUE,Employed,Research Scientist,Chemicals/ Ingredients,12,80,No managerial function,,"Other programming (C, C++, Java, Python, etc.); Data visualization (Power BI, Tableau, Looker Studio, etc.); Scientific writing and/or research; Time management",,94170,Quite satisfied,
2025-07-11,2025-07-11,2025-07-11,1961,2025,TRUE,Man,Swiss,SZ,I do not work,Not a member,Less than five years,University master,Europe,,No,FALSE,TRUE,Employed,Consultant,Higher education / Research / Academia,4,90,Lower management,,"Statistical programming (R, SAS, Python (Statistics and ML libraries), SPSS, Stata, etc.); Time management",,75984.44444444444,Very satisfied,
2025-10-04,2025-10-04,2025-10-04,1964,2003,TRUE,Woman,Europe,Not in Switzerland,JU,Not a member,Less than ten years,University bachelor,Swiss,,"Postgraduate in Business/Finance (MBA, EMBA, etc.)",TRUE,TRUE,Employed,Senior Statistician,Machinery and Equipment / Automation,21,70,Middle management,,"Other programming (C, C++, Java, Python, etc.); Data visualization (Power BI, Tableau, Looker Studio, etc.); Project management",,256734.2857142857,Not at all satisfied,
2025-01-09,2025-01-09,2025-01-09,1983,2012,TRUE,Man,Swiss,ZG,NW,Not a member,Less than five years,PhD,Asia,,No,FALSE,TRUE,Employed,Statistician,Automotive,14,100,Lower management,,Time management,,133726,Very satisfied,
NA,2025-04-06,2025-04-06,1968,2011,TRUE,Man,Europe,UR,Not in Switzerland,Passive,Ten years or more,PhD,Swiss,,No,FALSE,TRUE,Employed,PhD student,Aviation/ Aerospace/ Defense,18,100,Lower management,,NA,,148865,Quite satisfied,
2025-04-05,2025-04-05,2025-04-05,1991,2009,TRUE,Man,Swiss,ZG,BE,Passive,Less than ten years,University bachelor,Swiss,,No,FALSE,TRUE,Employed,PhD student,Consumer goods,17,90,Lower management,,"Data visualization (Power BI, Tableau, Looker Studio, etc.); Scientific writing and/or research",,108151.11111111112,Neutral,
2025-03-22,2025-03-22,2025-03-22,1994,2021,TRUE,Woman,Swiss,GE,SO,Not a member,Ten years or more,Bachelor of applied science,Swiss,,No,FALSE,TRUE,Employed,Biostatistician,Primary or Secondary Education,5,60,Middle management,,"Statistical programming (R, SAS, Python (Statistics and ML libraries), SPSS, Stata, etc.)",,188586.66666666666,Very satisfied,
2025-12-10,2025-12-10,2025-12-10,1971,2017,TRUE,Man,South and Central America,BE,SZ,Passive,Less than five years,University master,Europe,,No,FALSE,FALSE,Student,Student,NA,0,NA,Never worked,,"Statistical programming (R, SAS, Python (Statistics and ML libraries), SPSS, Stata, etc.); Project management; Time management",,NA,NA,
2025-12-14,2025-12-14,2025-12-14,1962,1989,TRUE,Man,Swiss,SH,BL,Occasional,Less than one year,Bachelor of applied science,Europe,,No,FALSE,TRUE,Employed,Consultant,Primary or Secondary Education,39,100,Intern / Entry level position,,"Statistical programming (R, SAS, Python (Statistics and ML libraries), SPSS, Stata, etc.); Other programming (C, C++, Java, Python, etc.); Project management",,102179,Quite satisfied,
2025-11-24,2025-11-24,2025-11-24,1967,1985,TRUE,Man,Swiss,NE,GE,Passive,Less than one year,Master of applied science,Swiss,,No,FALSE,FALSE,Student,Student,NA,0,NA,Never worked,,"Other programming (C, C++, Java, Python, etc.); Data visualization (Power BI, Tableau, Looker Studio, etc.); Scientific writing and/or research",,NA,NA,
2025-08-30,2025-08-30,2025-08-30,1976,2000,FALSE,Man,Middle East,SG,Not in Switzerland,Not a member,Ten years or more,University bachelor,Swiss,,NA,TRUE,TRUE,Employed,Biostatistician,Materials,27,100,No managerial function,,"Statistical programming (R, SAS, Python (Statistics and ML libraries), SPSS, Stata, etc.); Data visualization (Power BI, Tableau, Looker Studio, etc.); Time management",,98072,Quite satisfied,
2025-03-22,2025-03-22,2025-03-22,1967,2010,TRUE,Man,Swiss,NE,NW,Not a member,Ten years or more,University master,Swiss,,No,FALSE,TRUE,Employed,Data Analyst,Oil and gas / Energy,18,40,No managerial function,,NA,,321135,Quite satisfied,
2025-09-10,2025-09-10,2025-09-10,1999,2021,TRUE,Man,Swiss,NW,ZH,Passive,Ten years or more,Other,Europe,,No,FALSE,TRUE,Employed,Biostatistician,Watchmaking,4,20,Lower management,,"Statistical programming (R, SAS, Python (Statistics and ML libraries), SPSS, Stata, etc.); Other programming (C, C++, Java, Python, etc.); Data visualization (Power BI, Tableau, Looker Studio, etc.)",,300505,Very satisfied,
2026-01-24,2026-01-24,2026-01-24,1973,1999,TRUE,Man,North America,ZG,I do not work,Occasional,Less than one year,University bachelor,Swiss,,No,FALSE,TRUE,Employed,Professor,Chemicals/ Ingredients,22,100,No managerial function,,"Statistical programming (R, SAS, Python (Statistics and ML libraries), SPSS, Stata, etc.); Scientific writing and/or research",,113781,Quite satisfied,
2025-08-10,2025-08-10,2025-08-10,1962,2000,TRUE,Woman,Swiss,Not in Switzerland,SG,Occasional,Less than ten years,University master,Swiss,,"MAS, DAS, CAS",TRUE,FALSE,Unemployed,Retired,NA,0,NA,Never worked,,"Statistical programming (R, SAS, Python (Statistics and ML libraries), SPSS, Stata, etc.); Data visualization (Power BI, Tableau, Looker Studio, etc.)",,NA,NA,
2025-10-31,2025-10-31,2025-10-31,1989,2009,TRUE,Man,Middle East,SO,ZH,Active,Less than five years,PhD,Swiss,,No,FALSE,FALSE,Employed,Unemployed,NA,0,NA,Never worked,,Time management,,NA,NA,
2025-05-14,2025-05-14,2025-05-14,1971,2004,TRUE,Woman,Swiss,GL,Not in Switzerland,Passive,Less than one year,PhD,Europe,,"MAS, DAS, CAS",TRUE,TRUE,Employed,Software Engineer,Luxury goods,19,20,Lower management,,"Statistical programming (R, SAS, Python (Statistics and ML libraries), SPSS, Stata, etc.)",,853820.0000000001,Not at all satisfied,
NA,2025-04-10,2025-04-10,1988,2017,TRUE,Man,Swiss,BE,GL,Not a member,Less than five years,University bachelor,Swiss,,No,FALSE,FALSE,Self-employed,Student,NA,0,NA,Never worked,,"Statistical programming (R, SAS, Python (Statistics and ML libraries), SPSS, Stata, etc.); Other programming (C, C++, Java, Python, etc.); Time management",,NA,NA,
2025-12-31,2025-12-31,2025-12-31,1980,2022,TRUE,Man,Swiss,BS,BE,Not a member,Less than five years,University bachelor,Swiss,,NA,TRUE,TRUE,Employed,Data Scientist,Real estate,0,100,Lower management,,Project management; Time management,,145487,Not quite satisfied,
2025-08-31,2025-08-31,2025-08-31,2002,2022,TRUE,Woman,Swiss,BS,I do not work,Passive,Less than ten years,University bachelor,Africa,,No,FALSE,TRUE,Employed,Professor,Biotechnology/ Bioengineering,6,100,Top management,,"Data visualization (Power BI, Tableau, Looker Studio, etc.); Scientific writing and/or research; Project management",,122502,Quite satisfied,
2025-11-08,2025-11-08,2025-11-08,2002,2023,TRUE,Other,Swiss,AG,UR,Active,Ten years or more,University master,Europe,,"Certified online training (Coursera, Edx, etc.)",TRUE,TRUE,Employed,Project Manager,Logistics/ Suplly chain industry,0,80,Intern / Entry level position,,"Statistical programming (R, SAS, Python (Statistics and ML libraries), SPSS, Stata, etc.); Data visualization (Power BI, Tableau, Looker Studio, etc.); Scientific writing and/or research",,127671.25000000001,Very satisfied,
2025-01-17,2025-01-17,2025-01-17,2001,2022,TRUE,Man,Europe,FR,SZ,Passive,Ten years or more,PhD,Swiss,,"MAS, DAS, CAS",TRUE,FALSE,Employed,Unemployed,NA,0,NA,Never worked,,"Data visualization (Power BI, Tableau, Looker Studio, etc.); Scientific writing and/or research; Time management",,NA,NA,
2025-06-27,2025-06-27,2025-06-27,1965,1985,TRUE,Man,Swiss,BL,SG,Occasional,Less than five years,University master,Swiss,,Post-Doc,TRUE,TRUE,Employed,Consultant,Electrical / Electronics / Semiconductors,41,70,Lower management,,"Statistical programming (R, SAS, Python (Statistics and ML libraries), SPSS, Stata, etc.); Project management",,232705.7142857143,Very satisfied,
