id;submitdate;lastpage;startlanguage;seed;startdate;datestamp;dmgender;dmbirth;dmswiss;dmnatio;dmres;dmwork;sssknow;sssmember;sssmember[other];ssstime;trlvl;trlvl[other];tryear;trcontswiss;trreg;trarea[1];trarea[2];trarea[3];trarea[4];trarea[5];trarea[6];trarea[7];trarea[8];trarea[9];trarea[10];trarea[11];trarea[12];trarea[13];trarea[14];trarea[15];trarea[16];trarea[17];trarea[18];trarea[19];trarea[other];trcont[1];trcont[2];trcont[3];trcont[4];trcont[5];trcont[6];trcont[7];trcont[other];trcont2;trcont2[other];plemployed;plstatus;plstatus[other];plrole;plsector;plyexp;plrate;plsenior;plsenior[other];plskill[1];plskill[2];plskill[3];plskill[4];plskill[5];plskill[6];plskill[other];ustime[1][1];ustime[1][2];ustime[2][1];ustime[2][2];ustime[3][1];ustime[3][2];ustime[4][1];ustime[4][2];ustime[5][1];ustime[5][2];ustime[6][1];ustime[6][2];issalary;issatisf;issatisf2[1];issatisf2[2];issatisf2[3];issatisf2[4];issatisf2[5];issatisf2[6];issatisf2[7];issatisf2[8];issatisf2[9];issatisf2[10];issatisf2[11];issatisf2[12];interviewtime;groupTime652;dmgenderTime;dmbirthTime;dmswissTime;dmnatioTime;dmresTime;dmworkTime;groupTime653;sssknowTime;sssmemberTime;ssstimeTime;groupTime654;trlvlTime;tryearTime;trcontswissTime;trregTime;trareaTime;trcontTime;trcont2Time;groupTime657;plemployedTime;plstatusTime;plroleTime;plsectorTime;plyexpTime;plrateTime;plseniorTime;plskillTime;groupTime663;ustimeTime;groupTime658;issalaryTime;issatisfTime;issatisf2Time
1;2025-09-16;6;en;631926;2025-09-16;2025-09-16;3;1959;2;1;1;3;1;2;;2;4;;2016;1;;0;0;0;0;1;0;0;0;0;0;0;0;0;0;0;0;0;0;1;;1;0;0;0;0;0;0;;;;1;;;Quantitative Analyst;17;7;100;1;;0;0;0;0;1;0;;0;0;0;0;2;1;3;3;0;2;4;0;100'443;2;1;1;2;5;1;3;3;2;4;2;3;4;;;;;;;;;;;;;;;;;;;;;;;;;;;;;;;;;;;
2;2025-04-28;10;en;494002;2025-04-28;2025-04-28;3;1963;1;;23;6;1;2;;3;5;;2014;2;1;0;0;0;0;0;0;0;0;0;1;0;0;0;0;0;0;0;0;0;;0;0;0;0;0;0;1;;;;0;3;;Student;;0;;6;;0;0;0;0;1;0;;3;1;3;3;1;1;1;0;1;3;0;3;;;1;2;3;1;4;3;2;4;2;1;2;;;;;;;;;;;;;;;;;;;;;;;;;;;;;;;;;;;;
3;2025-01-09;15;en;266035;2025-01-09;2025-01-09;3;2003;2;1;10;11;0;4;;2;4;;2024;2;1;0;0;0;0;1;0;0;0;0;0;0;0;0;0;0;0;0;0;1;Bioinformatics;0;0;0;0;0;0;1;;;;1;;;Senior Statistician;16;4;100;2;;1;1;0;0;1;1;;0;3;3;1;3;0;4;1;0;2;4;3;112'939;3;4;1;2;4;5;4;1;1;1;4;2;2;;;;;;;;;;;;;;;;;;;;;;;;;;;;;;;;;;;
4;;3;en;879870;2025-01-19;2025-01-19;3;2001;1;;13;21;0;2;;2;2;;2022;1;;0;0;0;0;1;0;0;0;0;0;0;0;0;0;0;0;0;0;0;;1;0;0;0;0;0;0;;;;0;5;;Retired;;0;;6;;1;1;1;0;0;1;;2;2;4;1;2;3;4;3;1;3;4;3;;;2;4;3;2;2;2;3;1;2;4;4;5;;;;;;;;;;;;;;;;;;;;;;;;;;;;;;;;;;;
5;2025-08-31;7;en;100001;2025-08-31;2025-08-31;3;1996;2;4;4;1;1;1;;4;4;;2020;2;1;0;0;0;0;0;0;0;0;0;0;1;0;0;1;0;0;0;0;0;;0;1;0;1;0;0;0;;;;1;;;Consultant;20;5;80;3;;0;0;0;0;0;1;;4;1;3;1;1;2;4;0;3;0;1;0;124'404;2;3;;4;;3;4;4;3;3;;3;2;;;;;;;;;;;;;;;;;;;;;;;;;;;;;;;;;;;
6;2025-09-23;11;en;132510;2025-09-23;2025-09-23;3;1959;1;;19;26;1;1;;2;3;;2004;2;1;0;0;0;0;0;0;0;0;0;0;0;0;0;0;1;1;0;0;0;;0;1;0;0;0;0;0;;;;1;;;Data Scientist;22;27;90;3;;0;0;0;0;1;1;;0;0;0;3;3;2;4;2;2;3;1;3;140'118;3;2;1;1;3;3;3;2;3;2;3;3;;;;;;;;;;;;;;;;;;;;;;;;;;;;;;;;;;;;
7;2025-05-16;15;en;244576;2025-05-16;2025-05-16;3;2000;2;1;12;6;1;3;;3;5;;2023;2;1;0;0;0;0;0;0;0;0;0;0;0;0;0;0;1;0;0;1;0;;0;0;0;1;0;0;0;;;;1;;;Data Scientist;21;1;60;2;;1;0;0;0;0;0;;2;2;1;1;3;1;2;1;4;3;2;3;96'064;2;3;3;2;2;2;2;1;5;4;2;1;3;;;;;;;;;;;;;;;;;;;;;;;;;;;;;;;;;;;
8;2025-10-09;1;en;424393;2025-10-09;2025-10-09;3;1996;1;;11;26;1;2;;2;1;;2020;1;;0;0;0;0;0;0;0;0;0;1;0;0;0;0;0;0;0;0;0;;1;0;0;0;0;0;0;;;;1;;;Statistician;7;0;90;1;;1;1;1;0;0;0;;2;2;0;2;4;0;1;1;1;2;1;1;91'745;2;3;1;4;3;2;4;2;2;2;4;4;2;;;;;;;;;;;;;;;;;;;;;;;;;;;;;;;;;;;
9;2025-04-21;19;en;867667;2025-04-21;2025-04-21;3;1961;1;;16;24;1;1;;1;3;;1995;2;4;0;0;0;0;0;0;0;0;0;0;1;0;1;0;0;0;0;0;0;;0;0;0;0;0;1;0;;;;1;;;Epidemiologist;21;30;80;3;;0;0;0;0;1;0;;1;0;1;1;2;3;3;3;0;3;3;2;85'788;2;3;4;3;;1;1;4;2;2;4;2;1;;;;;;;;;;;;;;;;;;;;;;;;;;;;;;;;;;;
10;2025-02-08;19;en;445256;2025-02-08;2025-02-08;3;1982;1;;27;6;1;1;;1;4;;2005;1;;0;0;0;0;0;0;0;0;0;0;0;1;0;0;0;0;0;0;0;;0;0;0;1;0;0;0;;;;1;;;Consultant;28;20;80;2;;0;1;1;0;1;1;;3;3;3;2;4;0;4;0;0;1;1;1;62'966;2;5;3;;3;2;2;3;4;4;4;2;;;;;;;;;;;;;;;;;;;;;;;;;;;;;;;;;;;;
11;2025-09-26;8;en;687537;2025-09-26;2025-09-26;4;1976;2;5;15;8;1;1;;3;4;;2011;1;;0;0;0;0;1;0;0;0;0;0;0;0;1;0;0;0;0;0;0;;1;0;0;0;0;0;0;;;;1;;;Epidemiologist;1;6;100;2;;0;1;0;0;0;1;;3;3;1;0;4;2;1;1;2;0;4;2;139'272;2;2;3;1;2;2;3;3;1;4;;1;4;;;;;;;;;;;;;;;;;;;;;;;;;;;;;;;;;;;
12;2025-01-27;5;en;513812;2025-01-27;2025-01-27;4;1995;1;;23;22;1;1;;1;2;;2014;1;;0;0;0;0;0;0;0;0;0;0;1;0;0;0;0;0;0;0;0;;0;0;0;1;1;0;0;;;;0;3;;Student;;0;;6;;1;0;0;0;0;0;;0;3;4;0;4;2;3;3;0;1;1;1;;;3;2;2;3;5;4;5;3;3;2;2;2;;;;;;;;;;;;;;;;;;;;;;;;;;;;;;;;;;;
13;2025-04-10;13;en;647873;2025-04-10;2025-04-10;4;2003;2;2;15;6;1;1;;2;5;;2024;1;;0;0;0;0;0;0;0;1;0;0;0;0;1;0;1;0;0;0;0;;0;1;0;0;0;0;0;;;;1;;;Software Engineer;9;0;90;1;;0;0;0;1;0;1;;0;2;0;2;0;2;2;3;0;1;0;3;106'159;2;2;1;3;3;2;2;3;5;3;3;2;3;;;;;;;;;;;;;;;;;;;;;;;;;;;;;;;;;;;
14;2025-03-06;11;en;160678;2025-03-06;2025-03-06;4;1960;1;;8;2;1;1;;1;4;;1999;2;1;0;0;0;0;0;0;1;0;0;0;0;0;0;0;0;0;0;0;1;Bioinformatics;0;0;0;0;0;1;0;;;;1;;;Epidemiologist;5;25;100;2;;0;0;0;1;1;1;;3;2;3;2;4;3;2;1;1;2;1;3;84'697;4;3;4;5;5;2;3;4;4;2;2;2;3;;;;;;;;;;;;;;;;;;;;;;;;;;;;;;;;;;;
15;2025-03-30;19;en;827913;2025-03-30;2025-03-30;4;1994;1;;3;28;1;4;;2;4;;2020;2;1;0;0;0;1;0;0;1;0;0;0;0;0;0;0;0;0;0;0;0;;0;0;1;0;0;0;1;;;;1;;;Data Scientist;10;3;100;2;;0;0;0;0;0;0;;1;0;1;3;4;3;2;3;3;0;1;2;149'124;2;1;5;3;3;1;3;4;2;2;2;3;;;;;;;;;;;;;;;;;;;;;;;;;;;;;;;;;;;;
16;2025-04-14;20;en;305144;2025-04-14;2025-04-14;4;1981;1;;19;19;0;2;;3;5;;2006;1;;0;0;1;0;0;0;0;0;0;0;0;0;0;0;0;0;0;0;0;;1;0;0;0;0;0;0;;;;1;;;Biostatistician;15;16;80;3;;0;0;0;0;0;0;;1;3;3;0;2;0;4;3;0;1;0;1;164'503;4;3;3;;3;5;;3;1;3;2;3;2;;;;;;;;;;;;;;;;;;;;;;;;;;;;;;;;;;;
17;2025-10-26;18;en;909010;2025-10-26;2025-10-26;4;1964;1;;27;19;1;1;;3;4;;1994;2;4;0;0;0;0;0;0;0;0;0;0;0;0;0;0;0;0;0;1;0;;0;0;0;0;0;0;1;;;;1;;;Epidemiologist;17;29;70;1;;0;0;0;0;0;1;;4;3;1;0;2;2;4;1;3;3;2;0;78'965;4;2;2;1;2;2;3;4;4;2;4;1;2;;;;;;;;;;;;;;;;;;;;;;;;;;;;;;;;;;;
18;2025-06-18;18;en;510736;2025-06-18;2025-06-18;4;1996;2;1;9;3;1;1;;2;5;;2016;1;;0;0;0;0;0;0;0;0;1;0;0;0;0;0;1;0;0;0;0;;0;0;0;0;0;0;1;;;;1;;;Data Analyst;6;1;90;2;;0;0;0;0;0;0;;3;2;3;1;1;3;4;2;2;2;1;1;60'806;4;2;2;2;2;2;2;2;;2;;4;4;;;;;;;;;;;;;;;;;;;;;;;;;;;;;;;;;;;
19;2026-02-03;2;en;957327;2026-02-03;2026-02-03;4;1970;1;;24;26;1;1;;1;4;;2004;1;;0;1;0;0;0;0;0;0;1;0;0;0;0;0;0;0;0;0;1;;1;0;0;0;0;0;0;;;;1;;;Research Scientist;9;19;100;3;;1;0;0;0;0;1;;3;3;2;1;2;1;4;2;3;3;4;1;147'305;3;4;3;3;2;4;2;5;2;3;;1;4;;;;;;;;;;;;;;;;;;;;;;;;;;;;;;;;;;;
20;2026-01-11;20;en;644544;2026-01-11;2026-01-11;4;1965;1;;26;16;1;4;;1;4;;2004;2;1;0;0;0;0;0;0;0;0;0;0;1;0;0;0;0;0;0;0;0;;1;0;0;0;0;0;0;;;;1;;;Consultant;8;23;80;2;;1;0;0;1;0;1;;1;0;4;1;1;0;1;2;4;1;4;2;143'739;3;1;2;;3;2;2;2;5;4;3;4;3;;;;;;;;;;;;;;;;;;;;;;;;;;;;;;;;;;;
21;2025-03-15;17;en;708141;2025-03-15;2025-03-15;1;1987;2;1;18;16;1;4;;2;4;;2019;2;1;1;0;0;0;0;0;0;0;0;0;0;0;0;0;0;0;0;0;0;;1;0;0;0;0;0;0;;;;1;;;Consultant;1;10;100;3;;0;0;1;0;0;0;;4;2;1;1;1;0;4;3;4;1;4;3;142'955;2;3;2;3;3;5;3;2;3;4;2;2;5;;;;;;;;;;;;;;;;;;;;;;;;;;;;;;;;;;;
22;2026-01-20;5;en;679115;2026-01-20;2026-01-20;2;1997;1;;1;15;1;3;;3;4;;2022;2;1;0;0;0;0;0;0;1;0;0;0;0;0;0;0;0;0;0;0;0;;0;0;0;0;0;1;0;;;;1;;;Statistician;3;0;100;4;;0;0;1;0;0;0;;3;1;1;0;1;2;2;2;2;1;2;2;90'862;1;2;3;1;;2;4;3;4;5;3;2;2;;;;;;;;;;;;;;;;;;;;;;;;;;;;;;;;;;;
23;2026-02-09;1;en;382016;2026-02-09;2026-02-09;1;1994;1;;11;7;1;4;;4;5;;2017;2;5;0;0;0;0;0;0;0;0;0;0;1;0;0;0;0;0;0;0;0;;1;0;0;0;0;0;0;;;;1;;;Biostatistician;6;5;100;4;;1;0;0;0;0;0;;1;3;2;1;4;0;3;2;4;3;4;0;113'859;2;2;1;2;3;3;1;3;4;;4;1;5;;;;;;;;;;;;;;;;;;;;;;;;;;;;;;;;;;;
24;2025-02-18;10;en;244666;2025-02-18;2025-02-18;2;1995;1;;9;9;1;4;;1;1;;2017;1;;0;0;0;0;0;0;1;0;0;0;1;0;0;0;1;0;0;0;0;;0;0;0;1;0;0;0;;;;1;;;Quantitative Analyst;20;12;100;3;;0;0;0;0;0;1;;1;1;4;3;3;0;0;1;1;1;3;0;144'323;2;2;2;1;2;3;5;2;4;4;2;2;1;;;;;;;;;;;;;;;;;;;;;;;;;;;;;;;;;;;
25;2025-01-26;16;en;527388;2025-01-26;2025-01-26;2;2000;1;;11;17;1;1;;3;5;;2018;2;2;0;1;0;0;0;0;0;0;0;0;0;0;0;0;0;1;0;0;0;;0;0;0;0;1;0;0;;;;1;;;Senior Statistician;5;3;80;3;;0;0;1;1;0;0;;3;0;3;1;4;1;2;3;4;1;0;2;86'577;2;2;2;4;3;;2;3;4;1;5;2;3;;;;;;;;;;;;;;;;;;;;;;;;;;;;;;;;;;;
26;2025-05-15;20;en;882332;2025-05-15;2025-05-15;2;1973;1;;9;16;1;2;;2;1;;2018;2;3;0;0;1;0;0;0;0;0;0;0;0;0;0;0;0;0;0;0;0;;1;0;0;0;0;0;0;;;;1;;;Biostatistician;25;6;80;2;;0;0;0;0;1;1;;0;3;4;1;2;2;1;0;4;1;3;0;96'182;2;3;4;1;2;1;2;2;4;3;5;2;3;;;;;;;;;;;;;;;;;;;;;;;;;;;;;;;;;;;
27;2026-01-12;1;en;840634;2026-01-12;2026-01-12;1;1996;2;1;27;28;1;4;;2;2;;2022;1;;0;0;0;0;1;0;0;0;0;0;0;0;0;0;0;0;0;0;0;;0;0;0;0;0;1;0;;;;1;;;Senior Statistician;6;3;80;3;;0;0;1;0;0;0;;1;3;4;2;0;3;4;2;3;0;2;1;114'938;2;;2;4;3;3;2;2;2;4;2;3;1;;;;;;;;;;;;;;;;;;;;;;;;;;;;;;;;;;;
28;2025-05-29;14;en;982387;2025-05-29;2025-05-29;2;1966;1;;13;25;0;1;;3;4;;1985;1;;0;0;0;0;0;1;0;0;0;0;0;0;0;0;0;0;0;0;0;;0;0;0;1;0;0;0;;;;1;;;Epidemiologist;9;36;70;2;;1;0;0;0;1;0;;3;2;1;2;2;3;2;1;0;3;2;3;97'359;2;1;2;4;2;2;;2;2;4;3;2;3;;;;;;;;;;;;;;;;;;;;;;;;;;;;;;;;;;;
29;2025-08-24;8;en;121304;2025-08-24;2025-08-24;2;1990;2;1;12;26;0;2;;4;4;;2018;1;;0;0;0;1;1;0;0;0;0;0;0;0;0;0;0;0;1;0;0;;1;0;0;0;0;0;0;;;;0;3;;Student;;0;;6;;0;1;0;0;0;0;;3;0;0;3;2;3;2;0;3;2;3;0;;;3;1;1;2;5;;4;1;2;2;4;1;;;;;;;;;;;;;;;;;;;;;;;;;;;;;;;;;;;
30;2025-11-28;19;en;211660;2025-11-28;2025-11-28;1;1964;1;;15;8;1;1;;1;1;;2011;1;;0;0;0;0;0;0;0;0;1;0;1;0;0;0;0;0;0;0;0;;1;0;0;0;0;0;0;;;;1;;;Data Scientist;7;15;90;4;;0;0;0;1;0;0;;4;0;0;2;1;2;1;1;3;3;3;2;71'740;2;4;2;2;3;2;2;3;2;1;3;;3;;;;;;;;;;;;;;;;;;;;;;;;;;;;;;;;;;;
31;2025-10-02;16;en;206092;2025-10-02;2025-10-02;2;1978;2;6;21;23;1;1;;4;2;;2011;1;;1;0;1;0;0;0;0;0;0;0;0;0;0;0;0;0;0;1;0;;0;0;1;0;1;0;0;;;;1;;;Biostatistician;20;20;50;3;;0;1;0;0;1;0;;3;2;0;0;1;0;1;0;2;3;3;2;73'426;5;2;3;5;3;5;3;4;5;2;2;3;4;;;;;;;;;;;;;;;;;;;;;;;;;;;;;;;;;;;
32;2025-08-23;16;en;459413;2025-08-23;2025-08-23;1;1983;1;;5;14;1;1;;2;4;;2010;1;;0;0;1;0;1;0;0;0;0;0;0;0;0;0;0;0;0;0;0;;1;0;0;0;0;0;0;;;;1;;;PhD student;21;21;100;2;;0;1;1;0;0;0;;4;1;0;0;3;3;4;0;0;3;1;3;129'137;3;1;2;2;3;1;3;2;2;2;;2;2;;;;;;;;;;;;;;;;;;;;;;;;;;;;;;;;;;;
33;2026-02-02;10;en;709293;2026-02-02;2026-02-02;1;1969;2;1;23;20;1;4;;2;2;;2008;2;5;0;0;0;0;0;0;0;0;0;0;0;0;1;0;0;1;0;0;0;;0;0;0;1;0;0;0;;;;1;;;Postdoc;10;15;90;3;;1;0;1;0;0;0;;2;3;4;1;3;1;3;3;0;1;1;0;111'481;3;3;2;1;1;4;3;4;1;5;1;3;3;;;;;;;;;;;;;;;;;;;;;;;;;;;;;;;;;;;
34;2025-11-30;10;en;438783;2025-11-30;2025-11-30;2;2002;2;2;25;1;1;1;;3;4;;2021;1;;0;0;0;0;0;0;0;0;0;0;0;0;0;0;0;0;0;1;0;;1;0;0;0;0;0;0;;;;0;3;;Student;;0;;6;;0;1;0;1;0;0;;0;2;0;1;1;1;1;2;3;3;3;3;;;2;5;4;2;3;2;2;4;3;1;3;2;;;;;;;;;;;;;;;;;;;;;;;;;;;;;;;;;;;
35;2025-01-07;6;en;205223;2025-01-07;2025-01-07;2;1967;1;;19;26;0;2;;2;5;;1999;1;;0;0;0;0;0;0;0;0;0;0;0;0;1;0;0;0;0;0;0;;0;0;1;0;1;0;0;;;;1;;;Quantitative Analyst;7;33;100;4;;0;0;0;0;0;1;;1;3;2;1;4;3;0;3;4;1;2;3;89'787;3;;2;4;2;1;2;2;;3;4;2;3;;;;;;;;;;;;;;;;;;;;;;;;;;;;;;;;;;;
36;2025-11-11;11;en;379538;2025-11-11;2025-11-11;1;1982;1;;14;28;1;1;;3;5;;2012;1;;0;0;0;0;1;0;1;0;1;0;0;0;0;0;0;0;0;0;0;;1;0;0;0;0;0;0;;;;1;;;ML Engineer;20;13;70;2;;0;0;0;1;1;0;;3;0;0;1;0;2;4;1;4;0;4;1;106'169;1;3;3;3;4;3;3;;4;1;3;5;4;;;;;;;;;;;;;;;;;;;;;;;;;;;;;;;;;;;
37;2025-07-13;17;en;750141;2025-07-13;2025-07-13;2;1967;2;1;13;11;1;3;;3;4;;2006;1;;0;0;0;1;0;0;0;0;0;0;0;0;0;0;0;0;0;0;1;Bioinformatics;0;1;0;0;0;1;0;;;;1;;;Professor;7;22;100;4;;1;0;0;0;1;1;;2;1;3;3;4;1;1;1;4;2;3;2;175'742;1;3;2;;2;1;1;2;2;3;4;4;2;;;;;;;;;;;;;;;;;;;;;;;;;;;;;;;;;;;
38;2025-06-04;1;en;670112;2025-06-04;2025-06-04;2;1968;1;;7;7;0;2;;2;5;;2021;1;;0;0;0;0;0;0;0;1;0;0;0;0;1;0;0;0;0;0;1;;1;0;0;0;0;0;0;;;;1;;;Research Scientist;16;10;90;2;;0;0;0;0;1;1;;3;3;4;3;2;0;2;0;4;1;2;2;137'592;3;4;3;;3;2;1;4;1;;;3;4;;;;;;;;;;;;;;;;;;;;;;;;;;;;;;;;;;;
39;2026-01-14;2;en;571202;2026-01-14;2026-01-14;1;1970;1;;6;8;0;4;;2;1;;1992;1;;0;0;0;0;0;0;0;0;0;1;0;0;0;0;0;0;0;0;0;;1;0;0;0;0;0;0;;;;1;;;Epidemiologist;13;29;90;2;;0;0;0;0;1;0;;0;0;4;0;2;2;1;3;1;0;1;0;129'883;3;2;1;1;3;2;3;2;2;2;2;1;4;;;;;;;;;;;;;;;;;;;;;;;;;;;;;;;;;;;
40;2025-10-24;17;en;673103;2025-10-24;2025-10-24;1;1992;1;;14;20;0;1;;1;4;;2021;2;2;0;0;1;0;0;0;1;0;0;0;0;0;0;0;0;0;0;0;1;;1;0;0;0;0;0;0;;;;1;;;Professor;18;0;40;2;;0;1;0;1;0;1;;4;1;0;0;1;2;3;0;4;3;2;1;100'517;2;3;1;2;3;3;2;2;4;5;3;1;3;;;;;;;;;;;;;;;;;;;;;;;;;;;;;;;;;;;
41;2025-02-06;17;en;308349;2025-02-06;2025-02-06;1;1960;1;;21;5;1;4;;3;1;;2012;1;;0;0;0;1;0;0;0;0;0;0;0;0;0;0;0;0;0;0;0;;0;1;0;0;0;0;0;;;;1;;;Research Scientist;27;12;80;3;;0;0;1;0;0;0;;0;3;1;0;1;3;4;0;4;3;3;1;123'339;4;4;2;2;3;1;2;;5;4;2;2;4;;;;;;;;;;;;;;;;;;;;;;;;;;;;;;;;;;;
42;2025-03-19;10;en;384299;2025-03-19;2025-03-19;1;1981;2;5;27;10;1;2;;2;2;;2005;1;;0;0;0;0;0;0;0;1;0;0;0;0;0;0;0;0;1;0;0;;1;0;0;0;0;0;0;;;;1;;;Data Analyst;2;26;80;2;;0;1;1;0;1;0;;0;3;0;3;4;1;0;3;4;3;4;3;67'169;1;4;2;2;;3;;2;2;4;2;2;4;;;;;;;;;;;;;;;;;;;;;;;;;;;;;;;;;;;
43;2025-09-09;12;en;747633;2025-09-09;2025-09-09;2;1974;1;;4;26;1;1;;1;3;;1996;1;;0;0;0;0;0;0;0;1;0;1;0;0;0;0;0;0;0;0;0;;0;0;0;0;0;0;1;;;;1;;;Biostatistician;17;29;80;3;;0;1;0;0;0;1;;4;1;1;3;1;0;3;3;4;2;3;3;160'471;2;2;;5;3;4;2;4;1;;3;1;1;;;;;;;;;;;;;;;;;;;;;;;;;;;;;;;;;;;
44;2025-12-06;20;en;265163;2025-12-06;2025-12-06;1;1964;2;1;17;23;1;2;;1;3;;1986;1;;0;0;0;0;0;0;0;0;0;1;0;0;0;0;0;0;0;0;0;;1;0;0;0;0;0;0;;;;1;;;Data Scientist;3;42;70;2;;1;0;0;0;0;1;;3;3;0;3;0;3;4;3;4;2;4;3;101'762;3;2;2;3;2;1;3;3;2;;;2;4;;;;;;;;;;;;;;;;;;;;;;;;;;;;;;;;;;;
45;2025-10-27;15;en;835489;2025-10-27;2025-10-27;1;1959;2;1;19;26;1;1;;2;4;;2002;1;;0;0;0;0;0;0;0;0;0;0;0;0;0;1;0;0;0;0;0;;0;0;0;0;1;0;0;;;;1;;;Statistician;1;21;90;2;;0;1;0;0;0;0;;0;2;3;1;1;1;4;2;0;2;1;1;165'682;1;2;3;2;4;2;2;3;2;2;3;2;2;;;;;;;;;;;;;;;;;;;;;;;;;;;;;;;;;;;
46;;20;en;679091;2025-01-09;2025-01-09;1;1967;1;;24;1;1;5;;2;5;;2019;1;;0;0;0;0;1;0;0;0;0;0;0;0;0;0;0;0;1;0;0;;0;0;0;1;0;0;0;;;;1;;;Quantitative Analyst;26;3;100;3;;0;0;0;0;0;1;;1;2;2;3;2;2;3;0;1;1;0;1;162'335;3;1;2;;2;4;2;2;4;1;3;2;4;;;;;;;;;;;;;;;;;;;;;;;;;;;;;;;;;;;
47;2025-06-16;9;en;453762;2025-06-16;2025-06-16;1;1963;1;;22;28;1;2;;2;4;;2015;1;;0;0;0;0;1;0;0;0;0;1;0;0;0;0;0;0;0;1;0;;1;0;0;0;0;0;0;;;;1;;;Software Engineer;31;11;100;2;;0;1;1;1;0;0;;0;2;3;0;0;0;1;1;4;1;3;1;100'443;4;3;2;2;3;1;1;1;5;2;3;5;1;;;;;;;;;;;;;;;;;;;;;;;;;;;;;;;;;;;
48;2025-09-01;6;en;841730;2025-09-01;2025-09-01;3;1989;2;4;25;19;1;2;;2;5;;2009;1;;0;0;0;0;0;0;0;0;0;0;1;0;0;0;0;0;0;1;0;;0;0;0;0;1;1;0;;;;1;;;Software Engineer;11;9;80;1;;0;0;0;0;0;1;;2;2;3;3;2;0;2;0;2;0;2;0;85'304;2;2;1;3;2;2;3;3;2;3;5;2;2;;;;;;;;;;;;;;;;;;;;;;;;;;;;;;;;;;;
49;2025-03-19;17;en;584454;2025-03-19;2025-03-19;2;1976;1;;15;9;1;3;;4;3;;2004;2;1;0;0;0;0;0;0;0;0;1;0;0;0;0;0;0;0;0;0;0;;0;1;0;0;0;0;0;;;;1;;;Postdoc;6;22;100;2;;1;1;0;0;0;1;;1;3;1;2;4;0;4;1;3;1;2;0;84'700;1;2;2;2;2;1;5;2;4;4;5;2;2;;;;;;;;;;;;;;;;;;;;;;;;;;;;;;;;;;;
50;2026-01-02;7;en;575394;2026-01-02;2026-01-02;1;1974;1;;20;17;1;4;;4;2;;2024;1;;1;0;0;0;0;0;0;0;0;0;0;0;0;0;1;0;0;0;0;;0;0;0;0;0;1;0;;;;0;2;;Unemployed;;0;;6;;0;0;0;1;1;0;;2;3;2;3;2;2;0;3;2;3;2;3;;;1;1;5;3;2;2;3;;3;4;4;3;;;;;;;;;;;;;;;;;;;;;;;;;;;;;;;;;;;
51;2025-11-30;2;en;601214;2025-11-30;2025-11-30;1;1989;1;;8;28;1;1;;3;2;;2018;1;;0;1;0;0;0;0;0;0;0;0;0;0;0;0;0;0;0;0;0;;0;0;1;0;0;0;0;;;;1;;;Project Manager;20;5;50;2;;0;0;0;0;0;0;;1;2;0;1;4;2;1;3;3;3;4;1;69'787;2;5;2;2;3;4;1;3;1;4;1;2;3;;;;;;;;;;;;;;;;;;;;;;;;;;;;;;;;;;;
52;2025-01-31;13;en;514588;2025-01-31;2025-01-31;2;1992;2;1;3;1;0;1;;2;3;;2014;1;;0;0;0;0;0;0;0;0;0;0;1;0;0;0;0;0;0;0;0;;1;0;0;0;0;0;0;;;;1;;;Biostatistician;16;6;80;2;;1;0;1;0;0;0;;0;0;2;3;0;1;4;0;2;2;2;3;125'854;3;1;5;5;3;2;2;2;4;3;2;5;4;;;;;;;;;;;;;;;;;;;;;;;;;;;;;;;;;;;
53;2025-08-25;18;en;659062;2025-08-25;2025-08-25;1;1968;1;;9;21;1;1;;3;1;;1992;1;;0;0;0;0;0;0;1;0;0;0;0;0;0;0;0;0;0;0;0;;1;0;0;0;0;0;0;;;;1;;;Project Manager;28;33;100;2;;1;1;0;1;1;0;;4;3;4;1;4;2;4;2;1;1;0;3;147'603;2;;4;;3;3;;5;4;3;2;2;2;;;;;;;;;;;;;;;;;;;;;;;;;;;;;;;;;;;
54;2025-02-02;19;en;465496;2025-02-02;2025-02-02;2;1982;1;;3;7;1;5;;2;2;;2007;2;1;0;0;0;0;0;0;0;0;0;0;0;0;0;0;0;0;1;0;0;;1;0;0;0;0;0;0;;;;1;;;Senior Statistician;17;18;70;4;;0;1;1;0;0;1;;0;2;2;1;3;0;4;0;0;0;0;2;163'718;4;3;4;2;3;2;2;4;5;5;3;5;3;;;;;;;;;;;;;;;;;;;;;;;;;;;;;;;;;;;
55;2025-01-11;16;en;154555;2025-01-11;2025-01-11;2;1982;1;;2;24;1;1;;2;4;;2013;2;3;0;0;0;0;0;1;0;0;0;0;0;1;0;0;0;0;0;0;0;;0;1;0;0;0;0;0;;;;1;;;Senior Statistician;13;16;100;1;;0;0;1;0;0;0;;3;2;4;1;4;2;4;1;3;0;1;2;156'023;2;3;2;2;1;1;3;2;2;2;3;3;2;;;;;;;;;;;;;;;;;;;;;;;;;;;;;;;;;;;
56;2025-02-13;9;en;658892;2025-02-13;2025-02-13;2;1991;1;;16;16;1;2;;2;4;;2010;1;;0;0;0;1;0;0;0;0;0;0;0;0;0;0;0;0;0;0;1;;1;0;0;0;0;0;0;;;;1;;;Senior Statistician;12;12;70;1;;0;1;0;0;0;1;;3;1;2;0;4;1;2;2;1;0;1;2;156'041;2;2;;4;4;3;1;1;4;3;2;1;4;;;;;;;;;;;;;;;;;;;;;;;;;;;;;;;;;;;
57;2025-01-09;11;en;727259;2025-01-09;2025-01-09;1;1987;1;;23;23;1;2;;1;1;;2018;1;;0;0;0;0;0;0;1;0;0;0;0;0;0;0;0;0;0;1;0;;0;0;1;0;0;0;1;;;;0;3;;Student;;0;;6;;0;0;0;0;0;1;;1;1;4;2;4;0;1;3;2;2;0;2;;;1;3;3;;1;3;2;3;5;3;1;3;;;;;;;;;;;;;;;;;;;;;;;;;;;;;;;;;;;
58;2025-11-22;1;en;305775;2025-11-22;2025-11-22;2;1978;2;3;10;6;1;1;;2;1;;2002;1;;0;0;0;1;0;0;0;0;0;1;0;0;0;0;0;0;0;0;0;;1;0;0;0;0;0;0;;;;1;;;Statistician;5;29;70;2;;0;1;0;0;0;0;;1;2;3;3;0;2;1;0;0;3;1;0;77'222;5;1;2;4;1;2;5;;1;4;2;2;2;;;;;;;;;;;;;;;;;;;;;;;;;;;;;;;;;;;
59;2026-01-29;1;en;329061;2026-01-29;2026-01-29;2;1994;1;;20;26;0;1;;2;5;;2013;1;;0;0;0;0;0;0;0;0;0;0;1;0;0;0;0;0;0;0;0;;0;0;0;1;0;0;0;;;;1;;;Biostatistician;4;10;80;4;;0;1;1;1;0;0;;4;0;0;3;1;0;4;2;4;1;2;1;145'526;2;2;4;3;3;1;3;4;2;2;2;1;1;;;;;;;;;;;;;;;;;;;;;;;;;;;;;;;;;;;
60;2025-07-16;11;en;920913;2025-07-16;2025-07-16;1;2003;1;;12;7;0;1;;2;4;;2022;1;;0;0;0;1;0;0;0;0;0;0;0;0;0;0;0;0;0;0;0;;1;0;0;0;0;0;0;;;;0;5;;Retired;;0;;6;;0;0;1;0;0;1;;4;2;1;0;3;3;2;1;3;1;4;0;;;2;3;1;2;5;2;3;4;2;3;4;2;;;;;;;;;;;;;;;;;;;;;;;;;;;;;;;;;;;
61;2025-12-28;12;en;369902;2025-12-28;2025-12-28;2;1998;1;;17;28;1;3;;4;2;;2017;1;;0;0;0;1;0;0;0;0;0;0;0;0;0;0;1;0;0;0;0;;1;0;0;0;0;0;0;;;;1;;;Data Analyst;15;4;80;5;;0;0;1;0;0;0;;0;3;3;2;1;0;2;2;4;1;3;0;172'408;1;1;2;2;2;3;3;2;2;4;2;3;3;;;;;;;;;;;;;;;;;;;;;;;;;;;;;;;;;;;
62;2025-03-22;9;en;512122;2025-03-22;2025-03-22;2;1995;1;;16;12;0;1;;3;5;;2013;2;6;0;0;1;0;0;1;0;0;0;0;0;0;0;0;0;0;0;0;0;;1;0;0;0;0;0;0;;;;1;;;PhD student;21;9;70;2;;0;0;0;0;0;1;;4;2;2;3;2;1;1;1;4;3;4;1;125'909;3;5;3;5;2;3;3;3;4;4;2;2;4;;;;;;;;;;;;;;;;;;;;;;;;;;;;;;;;;;;
63;2025-03-31;6;en;739328;2025-03-31;2025-03-31;3;1981;1;;26;28;0;2;;3;3;;2009;2;1;0;0;0;0;0;0;0;0;0;0;0;0;0;0;0;1;0;0;0;;1;0;0;0;0;0;0;;;;1;;;Data Scientist;6;16;80;2;;0;0;0;0;1;0;;4;1;2;2;0;0;3;0;2;0;3;0;113'430;3;2;3;3;3;4;2;1;4;2;2;2;2;;;;;;;;;;;;;;;;;;;;;;;;;;;;;;;;;;;
64;2025-11-28;18;en;766724;2025-11-28;2025-11-28;1;1973;1;;1;3;1;3;;2;5;;2023;2;1;0;0;0;0;0;0;0;0;0;0;0;0;1;0;0;0;0;0;0;;1;0;0;0;0;0;0;;;;1;;;PhD student;12;9;100;3;;0;1;0;0;0;0;;4;1;0;0;2;0;4;2;2;0;4;2;84'786;1;4;1;5;1;4;3;2;4;1;3;2;3;;;;;;;;;;;;;;;;;;;;;;;;;;;;;;;;;;;
65;2025-05-29;15;en;877003;2025-05-29;2025-05-29;2;1990;2;1;9;27;1;1;;3;1;;2011;1;;0;0;0;0;1;0;0;0;0;0;0;0;0;0;0;0;0;0;0;;0;0;0;0;0;1;0;;;;1;;;Consultant;30;15;100;2;;0;0;0;0;0;0;;4;1;1;2;0;3;2;1;1;2;4;3;95'055;1;3;2;3;2;2;3;3;2;2;2;3;1;;;;;;;;;;;;;;;;;;;;;;;;;;;;;;;;;;;
66;2025-02-03;20;en;499787;2025-02-03;2025-02-03;1;1992;1;;7;4;0;4;;1;6;;2018;2;1;0;0;0;0;1;0;0;0;0;0;0;0;1;0;1;0;0;0;0;;0;0;0;0;0;1;0;;;;1;;;Project Manager;2;0;100;3;;1;0;0;0;0;0;;2;3;2;3;0;0;0;0;3;2;4;1;170'681;1;2;1;3;1;4;4;2;3;4;3;3;3;;;;;;;;;;;;;;;;;;;;;;;;;;;;;;;;;;;
67;2025-09-08;15;en;808621;2025-09-08;2025-09-08;2;1961;2;1;1;2;0;2;;2;2;;1981;1;;0;0;0;0;0;0;1;0;0;1;0;0;0;0;0;0;0;1;0;;1;0;0;0;0;0;0;;;;1;;;Biostatistician;12;36;100;3;;1;0;0;0;0;0;;4;3;0;0;1;0;0;1;0;3;1;3;175'403;3;3;5;1;3;2;;4;4;4;2;1;1;;;;;;;;;;;;;;;;;;;;;;;;;;;;;;;;;;;
68;2026-01-29;18;en;299131;2026-01-29;2026-01-29;1;1987;2;1;14;28;1;2;;2;3;;2011;2;5;1;0;0;1;0;0;0;0;0;0;0;0;0;0;0;1;0;0;0;;1;0;0;0;0;0;0;;;;1;;;ML Engineer;24;8;100;2;;1;0;0;1;0;1;;1;3;1;0;0;0;2;3;1;3;1;2;179'201;3;2;2;1;5;1;3;4;3;4;;3;5;;;;;;;;;;;;;;;;;;;;;;;;;;;;;;;;;;;
69;2025-12-16;12;en;339460;2025-12-16;2025-12-16;1;1958;1;;16;6;1;1;;4;3;;1978;1;;0;0;0;0;0;0;0;0;0;0;0;0;0;0;0;0;0;0;1;Bioinformatics;1;0;0;0;0;0;0;;;;0;2;;Unemployed;;0;;6;;0;1;0;0;0;1;;2;1;0;2;2;2;1;1;2;3;4;1;;;4;;2;3;3;3;2;2;2;2;2;1;;;;;;;;;;;;;;;;;;;;;;;;;;;;;;;;;;;
70;2026-02-09;12;en;721457;2026-02-09;2026-02-09;1;1977;1;;1;3;1;1;;2;2;;2021;1;;0;0;1;0;0;0;0;0;0;0;0;0;0;0;0;0;0;0;0;;1;0;0;0;0;0;0;;;;0;2;;Unemployed;;0;;6;;0;0;0;0;0;0;;4;3;1;2;2;2;1;2;0;3;4;2;;;2;;2;1;5;2;5;;2;1;;1;;;;;;;;;;;;;;;;;;;;;;;;;;;;;;;;;;;
71;2025-07-27;15;en;655899;2025-07-27;2025-07-27;1;1969;1;;19;26;0;3;;4;2;;2025;1;;0;0;0;1;0;0;0;0;1;0;0;0;0;0;0;0;0;0;0;;1;0;0;0;0;0;0;;;;1;;;Professor;2;1;50;1;;0;0;1;0;1;0;;1;3;4;0;1;0;2;2;3;1;3;1;149'357;2;2;3;4;1;4;3;3;2;3;4;3;5;;;;;;;;;;;;;;;;;;;;;;;;;;;;;;;;;;;
72;2025-05-12;3;en;453256;2025-05-12;2025-05-12;2;1967;1;;24;6;0;1;;3;2;;2010;1;;0;1;1;0;0;0;0;0;0;0;0;0;0;0;1;0;0;0;0;;1;0;0;0;0;0;0;;;;1;;;ML Engineer;2;21;80;4;;1;0;0;0;0;0;;2;2;1;3;3;2;2;1;2;1;3;3;72'080;3;2;2;3;3;1;4;;2;1;2;3;1;;;;;;;;;;;;;;;;;;;;;;;;;;;;;;;;;;;
73;2025-07-04;10;en;268066;2025-07-04;2025-07-04;2;1972;1;;13;27;1;5;;1;5;;2020;1;;0;1;0;0;0;0;0;0;0;0;0;0;0;0;0;0;0;0;0;;1;0;0;0;0;0;0;;;;1;;;Epidemiologist;3;6;100;5;;1;0;0;1;0;1;;1;2;1;2;2;1;0;3;1;3;4;1;109'318;1;4;3;3;3;2;2;2;2;;2;2;2;;;;;;;;;;;;;;;;;;;;;;;;;;;;;;;;;;;
74;2025-04-20;10;en;248878;2025-04-20;2025-04-20;2;1989;2;2;9;3;0;4;;3;1;;2025;2;1;0;0;1;0;0;0;0;0;0;0;0;0;0;0;0;0;0;0;0;;1;0;0;0;0;0;0;;;;0;4;;Unemployed;;0;;6;;0;0;1;1;0;0;;1;1;1;0;3;2;3;0;3;1;4;3;;;;2;4;1;4;4;4;1;2;4;2;4;;;;;;;;;;;;;;;;;;;;;;;;;;;;;;;;;;;
75;2025-05-29;20;en;102688;2025-05-29;2025-05-29;2;1997;1;;11;20;1;2;;3;5;;2017;2;4;0;0;0;0;1;0;0;0;0;0;0;0;1;0;0;0;0;0;0;;0;0;1;0;0;0;0;;;;1;;;Epidemiologist;25;10;80;2;;0;1;1;1;0;1;;3;3;1;0;3;0;2;0;4;1;3;1;77'865;1;4;2;2;4;;5;5;4;5;;4;4;;;;;;;;;;;;;;;;;;;;;;;;;;;;;;;;;;;
76;2025-07-07;8;en;920680;2025-07-07;2025-07-07;2;1986;2;1;8;26;1;3;;2;5;;2008;1;;1;0;0;0;0;0;0;0;0;0;0;0;0;0;0;1;0;0;0;;0;1;0;0;0;0;0;;;;1;;;Statistician;16;22;90;3;;0;0;0;0;1;1;;1;0;4;1;2;1;0;1;2;1;4;1;122'855;2;2;2;1;;2;1;3;1;4;4;;3;;;;;;;;;;;;;;;;;;;;;;;;;;;;;;;;;;;
77;2025-08-09;16;en;846597;2025-08-09;2025-08-09;2;1998;1;;25;14;1;1;;1;4;;2020;1;;0;0;0;0;0;0;0;0;0;0;0;0;0;0;0;0;1;0;0;;1;0;0;0;0;0;0;;;;1;;;Biostatistician;2;7;90;2;;0;1;1;1;0;0;;0;2;1;2;3;2;1;2;2;1;1;1;113'417;2;2;2;2;2;1;2;1;4;2;1;5;2;;;;;;;;;;;;;;;;;;;;;;;;;;;;;;;;;;;
78;2025-06-27;2;en;180418;2025-06-27;2025-06-27;1;1984;1;;19;3;1;1;;2;2;;2019;1;;0;1;0;0;0;0;0;0;0;0;0;0;0;0;0;0;0;0;0;;0;0;0;1;0;0;0;;;;0;4;;Unemployed;;0;;6;;1;0;0;0;1;0;;2;0;2;3;1;2;3;3;2;3;2;0;;;1;2;2;3;1;1;2;2;4;2;;4;;;;;;;;;;;;;;;;;;;;;;;;;;;;;;;;;;;
79;2025-01-15;16;en;106349;2025-01-15;2025-01-15;2;1987;2;1;12;12;1;5;;4;5;;2006;2;6;0;0;0;0;0;0;0;0;0;0;0;0;1;0;0;0;0;0;0;;1;0;0;0;0;0;0;;;;1;;;Data Analyst;18;13;50;1;;1;0;0;0;1;0;;1;0;1;1;2;3;0;2;4;1;0;3;92'280;2;3;3;2;2;3;4;2;4;;2;;2;;;;;;;;;;;;;;;;;;;;;;;;;;;;;;;;;;;
80;;15;en;613897;2025-12-24;2025-12-24;1;1968;1;;19;3;1;3;;4;5;;2006;1;;0;0;0;0;0;0;0;0;0;0;0;0;0;0;0;0;0;0;1;;0;1;0;0;0;0;0;;;;1;;;Senior Statistician;19;20;90;2;;0;0;0;0;0;0;;1;0;3;1;3;0;4;2;1;0;4;0;165'095;3;3;2;2;3;;1;3;1;3;1;3;4;;;;;;;;;;;;;;;;;;;;;;;;;;;;;;;;;;;
81;2025-12-06;12;en;513769;2025-12-06;2025-12-06;2;1996;1;;13;27;0;2;;3;5;;2023;2;1;0;0;0;0;0;0;0;0;0;0;0;0;0;0;1;0;0;0;0;;0;0;0;1;0;0;0;;;;1;;;ML Engineer;14;0;100;1;;0;0;1;0;0;0;;1;3;2;0;3;1;4;3;2;0;1;3;62'719;3;5;4;1;5;2;2;3;3;2;3;2;2;;;;;;;;;;;;;;;;;;;;;;;;;;;;;;;;;;;
82;2025-01-09;12;en;701440;2025-01-09;2025-01-09;1;1992;2;1;15;1;0;1;;2;2;;2021;1;;0;0;0;0;0;0;1;0;0;0;0;0;0;0;0;0;0;0;0;;1;0;0;0;0;0;0;;;;1;;;Statistician;10;8;80;5;;0;0;1;0;0;1;;0;0;1;1;0;0;1;3;0;1;1;3;152'839;1;4;5;3;3;2;1;2;3;5;3;;1;;;;;;;;;;;;;;;;;;;;;;;;;;;;;;;;;;;
83;2025-09-22;16;en;340645;2025-09-22;2025-09-22;3;1955;1;;12;15;0;1;;3;4;;2025;1;;0;1;0;0;0;0;0;0;0;0;0;0;0;0;0;0;0;0;0;;1;0;0;0;0;0;0;;;;1;;;Project Manager;6;3;100;4;;0;1;0;0;0;1;;3;1;3;1;4;0;1;3;1;0;1;2;123'660;1;4;1;2;1;2;1;3;2;2;5;4;3;;;;;;;;;;;;;;;;;;;;;;;;;;;;;;;;;;;
84;2025-03-07;2;en;738550;2025-03-07;2025-03-07;4;1987;1;;12;27;1;3;;2;4;;2009;1;;0;0;0;0;0;0;0;1;0;0;0;1;0;0;0;0;0;1;0;;1;0;0;0;0;0;0;;;;0;3;;Student;;0;;6;;0;0;1;0;1;0;;4;2;1;1;4;0;3;1;3;3;2;0;;;2;3;5;1;4;3;1;5;4;4;;;;;;;;;;;;;;;;;;;;;;;;;;;;;;;;;;;;;
85;2026-01-21;14;en;863008;2026-01-21;2026-01-21;1;1972;1;;12;13;1;1;;3;1;;2019;1;;0;1;0;0;0;0;0;0;0;0;0;0;0;0;0;0;0;0;0;;0;1;0;0;0;0;0;;;;1;;;Consultant;19;6;100;1;;0;0;1;0;1;0;;0;0;1;2;4;1;0;0;2;2;2;0;132'311;2;3;2;3;2;2;1;5;3;3;2;3;2;;;;;;;;;;;;;;;;;;;;;;;;;;;;;;;;;;;
86;2025-03-04;2;en;716120;2025-03-04;2025-03-04;4;1985;2;1;26;12;1;2;;4;6;;2013;2;2;0;0;0;1;0;0;0;1;0;0;0;0;0;0;0;0;0;0;0;;0;0;1;0;0;0;0;;;;1;;;Senior Statistician;11;17;100;1;;1;0;0;0;1;0;;4;3;3;0;3;1;3;1;3;1;4;0;78'930;2;4;1;1;1;2;2;2;4;2;2;4;2;;;;;;;;;;;;;;;;;;;;;;;;;;;;;;;;;;;
87;2025-06-04;11;en;590758;2025-06-04;2025-06-04;1;2003;1;;22;7;0;1;;4;5;;2025;1;;0;0;0;0;0;0;0;0;0;0;0;0;0;0;1;0;0;0;1;Bioinformatics;1;0;0;0;0;0;0;;;;1;;;Biostatistician;17;0;100;5;;0;0;0;0;0;0;;3;3;2;2;4;2;3;0;3;0;4;1;116'455;4;2;2;1;4;2;3;2;3;2;2;3;5;;;;;;;;;;;;;;;;;;;;;;;;;;;;;;;;;;;
88;2025-07-22;2;en;759574;2025-07-22;2025-07-22;2;1962;2;4;6;23;1;4;;2;2;;1986;2;1;0;0;0;0;0;0;1;0;0;0;0;0;0;0;0;0;0;0;0;;0;0;0;1;0;0;0;;;;0;4;;Unemployed;;0;;6;;0;1;0;1;0;0;;3;3;3;2;3;1;4;2;0;0;4;1;;;2;3;1;1;5;2;3;3;2;;3;2;;;;;;;;;;;;;;;;;;;;;;;;;;;;;;;;;;;
89;2025-10-25;1;en;667393;2025-10-25;2025-10-25;1;1974;1;;15;28;1;2;;3;4;;2024;1;;1;0;0;0;0;0;0;0;0;0;0;0;0;0;0;0;0;0;0;;1;0;0;0;0;0;0;;;;0;4;;Unemployed;;0;;6;;1;1;1;1;0;0;;4;2;0;2;0;1;0;1;2;1;1;1;;;1;;4;1;1;2;3;3;5;3;1;2;;;;;;;;;;;;;;;;;;;;;;;;;;;;;;;;;;;
90;2025-04-20;11;en;610439;2025-04-20;2025-04-20;2;1998;1;;4;17;1;2;;1;5;;2024;1;;0;0;1;0;0;0;0;0;0;0;0;0;0;0;0;0;0;0;0;;1;0;0;0;0;0;0;;;;1;;;Software Engineer;10;3;100;2;;0;0;0;0;1;0;;3;0;4;0;0;1;2;1;1;1;1;0;178'589;2;2;4;1;3;;2;3;2;5;4;3;4;;;;;;;;;;;;;;;;;;;;;;;;;;;;;;;;;;;
91;2025-01-15;11;en;991079;2025-01-15;2025-01-15;1;1995;1;;18;28;0;3;;4;4;;2013;1;;0;0;0;0;0;0;0;1;0;0;0;0;0;0;0;1;0;0;0;;0;1;0;0;0;0;0;;;;1;;;PhD student;18;13;80;2;;0;0;1;0;0;1;;4;3;1;1;4;0;3;3;4;0;0;2;171'596;4;3;2;3;2;5;3;1;3;5;2;2;1;;;;;;;;;;;;;;;;;;;;;;;;;;;;;;;;;;;
92;2025-08-05;18;en;900931;2025-08-05;2025-08-05;2;1993;2;1;13;14;0;1;;3;1;;2022;2;1;0;0;1;0;0;0;0;0;0;0;0;0;0;1;0;0;0;0;0;;1;0;0;0;0;0;0;;;;1;;;PhD student;1;0;70;4;;1;0;0;0;0;0;;0;2;4;2;4;1;1;2;2;2;4;0;100'802;2;2;3;4;2;4;2;5;3;3;2;2;1;;;;;;;;;;;;;;;;;;;;;;;;;;;;;;;;;;;
93;2025-07-17;15;en;440425;2025-07-17;2025-07-17;1;1989;2;1;17;20;0;2;;2;5;;2021;1;;0;0;1;0;0;0;0;0;0;0;0;0;0;0;0;0;0;0;1;;0;0;0;0;0;1;0;;;;1;;;Statistician;6;2;100;3;;1;0;0;0;0;0;;1;1;1;2;4;2;0;0;1;3;2;0;92'062;4;4;4;;4;1;4;2;1;2;1;2;1;;;;;;;;;;;;;;;;;;;;;;;;;;;;;;;;;;;
94;2025-12-02;10;en;539695;2025-12-02;2025-12-02;1;2001;1;;3;3;1;4;;2;4;;2025;1;;0;0;0;0;0;0;0;0;0;0;0;0;0;1;0;0;0;0;0;;1;0;0;0;0;0;0;;;;1;;;Software Engineer;5;0;90;3;;1;0;0;0;0;0;;0;1;2;1;3;0;3;0;0;1;4;1;71'338;4;2;3;5;;1;2;2;4;;4;4;1;;;;;;;;;;;;;;;;;;;;;;;;;;;;;;;;;;;
95;2025-12-26;2;en;227758;2025-12-26;2025-12-26;1;1976;1;;27;4;0;4;;2;2;;2015;2;1;0;0;1;0;0;0;1;0;0;0;0;0;0;1;0;0;0;0;0;;1;0;0;0;0;0;0;;;;0;5;;Retired;;0;;6;;1;0;1;1;1;0;;4;3;1;1;3;2;1;0;1;1;3;3;;;5;2;4;2;2;4;4;2;3;1;3;4;;;;;;;;;;;;;;;;;;;;;;;;;;;;;;;;;;;
96;;13;en;776740;2026-01-25;2026-01-25;1;1956;1;;2;17;1;2;;1;3;;1979;2;1;0;0;0;1;0;0;0;0;0;0;0;0;0;0;0;0;0;0;0;;0;0;0;1;0;0;0;;;;1;;;PhD student;26;47;90;2;;1;0;1;1;0;1;;4;3;2;0;0;2;4;2;1;0;3;1;142'653;4;2;4;3;1;2;2;3;2;2;2;5;3;;;;;;;;;;;;;;;;;;;;;;;;;;;;;;;;;;;
97;2025-09-21;2;en;409744;2025-09-21;2025-09-21;2;1955;2;1;5;20;1;2;;3;1;;2025;1;;0;0;0;0;0;0;0;0;0;0;0;0;1;0;0;0;1;0;0;;1;0;0;0;0;0;0;;;;1;;;Project Manager;10;0;90;3;;0;0;0;1;0;0;;2;1;2;0;0;3;1;1;0;2;3;2;178'426;1;1;3;5;2;2;3;3;3;2;3;3;2;;;;;;;;;;;;;;;;;;;;;;;;;;;;;;;;;;;
98;2026-01-12;18;en;960222;2026-01-12;2026-01-12;1;2002;1;;8;27;1;1;;2;4;;2021;1;;0;0;0;0;0;1;0;0;0;0;0;0;0;0;0;0;0;0;0;;0;0;0;1;0;0;0;;;;1;;;ML Engineer;10;9;60;2;;1;0;1;0;0;0;;3;0;2;3;0;1;0;3;1;3;0;1;120'538;1;5;3;;5;;2;4;2;2;1;3;;;;;;;;;;;;;;;;;;;;;;;;;;;;;;;;;;;;
99;2025-05-08;6;en;207458;2025-05-08;2025-05-08;1;1971;1;;3;17;0;5;;2;5;;2021;1;;0;0;0;0;0;0;1;0;0;0;0;0;1;0;0;0;0;1;0;;0;0;0;0;0;1;0;;;;1;;;Biostatistician;15;4;100;4;;1;0;0;0;0;1;;1;3;4;2;2;3;4;2;2;3;0;3;84'417;2;2;4;4;5;1;2;1;;2;3;3;3;;;;;;;;;;;;;;;;;;;;;;;;;;;;;;;;;;;
100;2025-08-15;16;en;412505;2025-08-15;2025-08-15;1;1969;1;;22;28;1;1;;1;4;;1998;1;;0;0;0;0;0;0;0;0;1;0;1;0;0;0;0;0;0;0;0;;1;0;0;0;0;0;0;;;;1;;;Biostatistician;5;29;100;4;;0;1;0;1;1;0;;2;2;1;0;3;2;0;0;0;1;2;1;172'959;3;;4;2;1;1;1;4;5;2;3;3;;;;;;;;;;;;;;;;;;;;;;;;;;;;;;;;;;;;
101;2025-01-08;4;en;109542;2025-01-08;2025-01-08;1;1985;1;;21;16;0;2;;4;3;;2023;2;1;0;0;0;0;0;0;0;0;0;0;0;0;0;1;1;0;0;0;0;;0;0;0;0;0;0;1;;;;0;2;;Unemployed;;0;;6;;0;0;0;0;0;0;;0;1;3;3;0;3;4;3;3;0;1;1;;;4;4;3;3;4;1;3;3;5;1;4;4;;;;;;;;;;;;;;;;;;;;;;;;;;;;;;;;;;;
102;2025-11-28;15;en;189219;2025-11-28;2025-11-28;2;1978;2;1;26;22;1;2;;2;3;;2014;2;4;0;0;0;0;0;0;0;0;0;1;0;0;0;0;0;0;0;0;0;;1;0;0;0;0;0;0;;;;1;;;Statistician;5;9;100;2;;1;1;1;0;0;1;;3;0;1;2;3;0;2;3;3;1;2;2;95'785;3;3;4;2;2;5;3;2;2;2;3;4;3;;;;;;;;;;;;;;;;;;;;;;;;;;;;;;;;;;;
103;2025-03-09;8;en;465766;2025-03-09;2025-03-09;4;2001;1;;6;23;0;2;;1;5;;2022;2;1;0;0;0;1;0;0;0;0;0;0;0;0;0;0;0;0;0;0;0;;0;0;0;0;1;0;0;;;;1;;;PhD student;29;6;80;1;;1;0;0;1;0;0;;1;2;2;2;2;2;3;2;0;0;2;3;108'860;3;3;2;1;1;2;4;1;2;1;1;2;4;;;;;;;;;;;;;;;;;;;;;;;;;;;;;;;;;;;
104;2025-09-05;15;en;991660;2025-09-05;2025-09-05;2;1995;1;;4;16;0;2;;4;5;;2024;2;1;0;0;0;0;0;0;0;0;0;0;0;0;0;0;0;0;0;1;0;;1;0;0;0;0;0;0;;;;1;;;Professor;7;5;100;3;;1;0;0;0;0;1;;4;2;2;0;1;1;3;1;0;3;0;3;70'633;4;1;3;2;2;4;;3;2;3;2;3;2;;;;;;;;;;;;;;;;;;;;;;;;;;;;;;;;;;;
105;2025-11-15;7;en;447024;2025-11-15;2025-11-15;1;2001;1;;3;5;0;1;;1;2;;2021;1;;0;0;0;0;1;0;0;0;0;0;0;0;0;0;0;0;0;0;0;;1;0;0;0;0;0;0;;;;0;4;;Unemployed;;0;;6;;0;1;0;0;1;0;;4;3;3;0;2;1;0;3;3;3;4;1;;;2;1;2;1;3;2;3;2;5;;3;1;;;;;;;;;;;;;;;;;;;;;;;;;;;;;;;;;;;
106;2026-01-29;15;en;518454;2026-01-29;2026-01-29;1;1965;2;1;23;25;1;1;;3;4;;2012;1;;1;0;0;0;0;0;0;1;0;0;0;0;1;0;0;0;0;0;0;;0;0;0;0;0;0;1;;;;1;;;Postdoc;13;11;70;1;;0;0;0;0;0;0;;2;0;3;3;2;0;1;3;1;2;4;2;78'576;2;3;3;2;2;1;4;4;1;2;3;4;5;;;;;;;;;;;;;;;;;;;;;;;;;;;;;;;;;;;
107;;6;en;483114;2025-04-29;2025-04-29;1;1956;1;;18;1;1;1;;1;2;;2007;1;;0;0;0;1;0;0;0;0;0;0;0;0;0;0;0;0;0;0;0;;0;0;0;0;1;0;0;;;;0;3;;Student;;0;;6;;0;0;0;1;0;1;;2;1;0;2;4;2;2;2;2;3;0;0;;;4;2;5;2;2;4;2;3;3;2;1;3;;;;;;;;;;;;;;;;;;;;;;;;;;;;;;;;;;;
108;2025-10-20;13;en;653038;2025-10-20;2025-10-20;1;1994;2;1;15;13;0;3;;2;5;;2022;1;;0;0;1;0;0;0;0;0;0;0;0;0;0;0;1;0;0;0;0;;1;0;0;0;0;0;0;;;;1;;;Postdoc;30;0;100;1;;0;0;1;1;1;1;;4;0;0;0;1;3;3;1;4;3;1;2;133'287;3;2;2;4;1;1;3;3;3;2;3;2;1;;;;;;;;;;;;;;;;;;;;;;;;;;;;;;;;;;;
109;2025-05-30;10;en;368720;2025-05-30;2025-05-30;2;1962;1;;11;28;1;3;;2;5;;2022;2;1;0;0;1;0;0;1;0;0;0;0;0;0;0;0;0;0;0;1;0;;0;0;0;0;0;0;1;;;;1;;;PhD student;29;0;100;3;;0;0;0;1;1;1;;0;1;1;0;3;0;2;3;3;3;3;0;177'615;4;2;4;5;;3;2;;1;2;3;3;2;;;;;;;;;;;;;;;;;;;;;;;;;;;;;;;;;;;
110;2025-10-29;2;en;322460;2025-10-29;2025-10-29;2;1969;1;;12;20;0;3;;1;4;;2019;1;;0;0;0;0;0;0;0;0;0;0;0;0;1;0;0;0;0;0;0;;1;0;0;0;0;0;0;;;;1;;;Statistician;9;0;100;5;;1;0;0;1;0;1;;4;0;2;1;1;0;2;0;1;2;0;0;92'454;3;5;3;3;1;2;4;1;5;5;1;2;2;;;;;;;;;;;;;;;;;;;;;;;;;;;;;;;;;;;
111;2025-05-24;2;en;342663;2025-05-24;2025-05-24;1;1966;1;;16;26;0;3;;2;5;;1999;1;;0;0;0;0;0;0;0;0;0;1;0;0;0;0;0;0;0;0;0;;0;0;0;1;1;0;0;;;;0;3;;Student;;0;;6;;1;1;0;0;0;0;;4;1;1;3;2;3;3;3;1;1;3;0;;;4;2;3;1;2;1;4;1;2;3;;;;;;;;;;;;;;;;;;;;;;;;;;;;;;;;;;;;;
112;2025-05-27;17;en;120274;2025-05-27;2025-05-27;2;1996;1;;8;26;1;5;;1;1;;2024;2;3;1;0;0;0;0;0;0;0;1;0;0;0;0;0;0;0;0;0;1;;1;0;0;0;0;0;0;;;;1;;;Senior Statistician;21;2;90;1;;1;0;0;0;0;0;;3;1;3;0;2;0;0;0;1;1;0;1;129'915;2;3;3;4;2;2;3;4;3;2;4;2;3;;;;;;;;;;;;;;;;;;;;;;;;;;;;;;;;;;;
113;2025-08-07;20;en;474309;2025-08-07;2025-08-07;1;2003;2;3;15;22;1;1;;2;4;;2022;1;;1;0;0;0;0;0;0;0;0;0;0;0;0;0;0;0;0;0;0;;0;0;1;0;0;0;0;;;;1;;;PhD student;31;2;100;4;;1;0;1;0;0;0;;1;2;1;1;1;3;2;1;4;0;0;2;144'089;2;4;5;1;4;3;2;2;3;2;4;4;4;;;;;;;;;;;;;;;;;;;;;;;;;;;;;;;;;;;
114;2025-05-16;12;en;923079;2025-05-16;2025-05-16;1;1983;1;;26;28;0;3;;2;4;;2021;2;5;0;0;0;0;0;0;0;0;0;0;0;0;0;0;0;0;0;0;1;;0;0;1;0;0;0;0;;;;1;;;Consultant;27;0;90;4;;1;1;0;0;0;0;;4;1;3;1;4;2;0;3;0;2;3;1;153'977;4;;;2;5;3;1;3;2;4;4;2;2;;;;;;;;;;;;;;;;;;;;;;;;;;;;;;;;;;;
115;2025-03-26;6;en;661047;2025-03-26;2025-03-26;1;1970;1;;15;3;1;2;;2;2;;2005;2;1;0;0;0;0;0;0;0;0;0;0;0;0;1;0;0;0;0;0;0;;1;0;0;0;0;0;0;;;;1;;;Statistician;18;20;100;3;;0;0;0;0;0;1;;4;3;1;1;1;1;1;1;4;0;4;2;87'261;4;3;3;4;1;4;2;2;2;3;3;4;2;;;;;;;;;;;;;;;;;;;;;;;;;;;;;;;;;;;
116;2025-06-20;16;en;526795;2025-06-20;2025-06-20;3;1992;1;;5;8;1;2;;4;5;;2011;1;;0;0;0;0;0;0;0;0;0;0;0;0;0;0;0;1;0;0;0;;0;0;0;1;0;0;0;;;;1;;;Research Scientist;4;8;60;2;;0;0;0;0;0;0;;1;2;2;1;0;3;2;2;2;3;0;2;154'237;2;1;;3;3;2;3;2;3;4;2;2;;;;;;;;;;;;;;;;;;;;;;;;;;;;;;;;;;;;
117;2026-01-16;1;en;345519;2026-01-16;2026-01-16;2;1986;1;;15;20;1;1;;1;3;;2012;2;3;0;0;0;0;0;0;0;1;1;0;0;0;0;0;0;0;1;0;0;;1;0;0;0;0;0;0;;;;1;;;PhD student;22;16;100;2;;1;0;1;0;0;0;;3;2;3;1;0;1;2;3;0;0;0;3;175'565;1;2;4;2;1;2;3;4;1;4;3;2;1;;;;;;;;;;;;;;;;;;;;;;;;;;;;;;;;;;;
118;2025-05-14;9;en;643804;2025-05-14;2025-05-14;2;1956;2;1;9;16;0;1;;4;4;;1994;1;;0;0;0;1;0;0;0;0;0;0;0;0;0;0;0;0;0;0;0;;1;0;0;0;0;0;0;;;;1;;;Quantitative Analyst;19;30;70;1;;0;1;1;1;0;0;;3;0;4;0;1;1;0;3;1;2;0;3;121'893;2;1;4;3;3;1;3;2;2;4;2;2;2;;;;;;;;;;;;;;;;;;;;;;;;;;;;;;;;;;;
119;2025-11-30;16;en;694693;2025-11-30;2025-11-30;2;1994;2;1;1;10;1;3;;1;2;;2025;1;;0;0;0;0;0;0;0;0;0;0;0;0;0;0;0;0;0;0;1;Bioinformatics;0;0;1;0;0;0;0;;;;1;;;Biostatistician;2;0;100;4;;0;0;0;0;0;0;;4;3;2;3;0;3;4;2;2;3;2;3;112'699;2;1;3;2;1;3;2;2;2;4;2;5;5;;;;;;;;;;;;;;;;;;;;;;;;;;;;;;;;;;;
120;2025-10-17;10;en;988277;2025-10-17;2025-10-17;1;1994;2;1;20;21;1;1;;1;4;;2018;2;1;0;0;0;0;0;0;0;0;0;0;0;0;0;0;0;0;0;1;0;;1;0;0;0;0;0;0;;;;1;;;Professor;12;14;60;2;;0;1;0;0;0;0;;0;3;4;1;1;3;0;2;0;3;4;3;164'333;3;2;2;1;4;4;3;1;2;1;3;3;2;;;;;;;;;;;;;;;;;;;;;;;;;;;;;;;;;;;
121;2025-10-07;6;en;445255;2025-10-07;2025-10-07;1;2001;2;5;2;28;1;1;;1;3;;2020;1;;1;0;0;0;0;0;0;0;0;0;0;0;0;0;1;1;0;0;0;;0;0;0;0;0;1;0;;;;1;;;Data Analyst;28;5;90;1;;0;1;0;0;0;0;;1;0;2;3;4;2;2;0;1;0;3;3;170'111;4;3;;2;4;5;2;2;;4;3;2;1;;;;;;;;;;;;;;;;;;;;;;;;;;;;;;;;;;;
122;;11;en;920028;2025-04-27;2025-04-27;2;1981;1;;16;9;1;2;;2;4;;2003;2;3;0;1;1;0;0;0;0;0;0;0;0;0;0;0;0;0;0;0;0;;1;0;0;0;0;0;0;;;;1;;;Professor;5;22;80;2;;0;0;1;0;0;0;;3;0;1;0;4;3;2;2;1;3;3;2;118'536;1;4;3;2;1;4;1;2;4;4;4;1;3;;;;;;;;;;;;;;;;;;;;;;;;;;;;;;;;;;;
123;2025-07-23;16;en;139296;2025-07-23;2025-07-23;2;1963;1;;18;10;1;1;;4;5;;2007;2;1;0;0;0;0;0;0;0;0;0;0;0;0;0;1;1;0;0;0;0;;0;0;0;0;1;0;0;;;;0;3;;Student;;0;;6;;0;1;0;0;0;1;;4;0;3;2;4;3;3;3;0;3;0;3;;;3;4;1;;3;3;4;5;3;3;1;5;;;;;;;;;;;;;;;;;;;;;;;;;;;;;;;;;;;
124;2025-10-24;8;en;156599;2025-10-24;2025-10-24;1;1995;1;;5;22;1;1;;1;4;;2022;1;;1;0;0;0;0;0;0;0;0;0;0;0;0;1;0;0;0;0;0;;0;0;0;0;1;0;0;;;;1;;;Research Scientist;28;6;90;2;;1;0;0;0;0;0;;1;2;2;3;4;1;2;3;1;1;4;0;116'733;2;4;4;2;5;3;2;3;3;2;2;2;3;;;;;;;;;;;;;;;;;;;;;;;;;;;;;;;;;;;
125;2025-10-22;14;en;139396;2025-10-22;2025-10-22;1;1993;1;;15;1;0;2;;1;3;;2017;1;;0;0;0;0;0;0;0;0;0;0;0;0;0;0;0;0;0;0;1;Bioinformatics;1;0;0;0;0;0;0;;;;1;;;Senior Statistician;12;6;100;4;;0;0;0;0;1;0;;3;2;0;3;2;1;1;1;0;3;0;0;145'687;2;4;5;3;2;2;3;2;4;4;3;1;3;;;;;;;;;;;;;;;;;;;;;;;;;;;;;;;;;;;
126;2025-05-30;5;en;565877;2025-05-30;2025-05-30;1;1956;1;;24;3;1;2;;1;6;;2009;2;1;0;0;0;0;0;0;0;0;0;1;0;0;0;0;0;0;0;0;0;;1;0;0;0;0;0;0;;;;1;;;Postdoc;24;15;80;2;;0;1;1;1;1;0;;3;3;2;1;2;0;2;1;3;3;4;2;178'652;2;3;2;3;;4;3;4;4;3;;4;4;;;;;;;;;;;;;;;;;;;;;;;;;;;;;;;;;;;
127;2025-12-14;7;en;201878;2025-12-14;2025-12-14;2;1984;1;;16;26;1;3;;4;3;;2024;1;;0;1;0;0;0;0;0;0;0;0;0;0;0;0;0;0;0;0;0;;1;0;0;0;0;0;0;;;;1;;;Postdoc;16;0;60;4;;1;0;1;0;0;1;;2;3;0;0;2;2;1;3;0;1;2;2;171'746;5;2;;2;2;;3;1;1;4;3;4;4;;;;;;;;;;;;;;;;;;;;;;;;;;;;;;;;;;;
128;2025-10-04;8;en;734732;2025-10-04;2025-10-04;2;1964;1;;17;10;0;1;;3;4;;2003;2;1;0;0;0;0;0;0;0;0;0;0;0;0;0;0;1;0;0;1;1;Bioinformatics;1;0;0;0;0;0;0;;;;1;;;Quantitative Analyst;4;27;90;2;;0;0;0;0;0;1;;1;3;1;3;0;2;1;0;2;0;4;2;174'939;2;2;1;2;2;4;3;2;1;2;4;2;5;;;;;;;;;;;;;;;;;;;;;;;;;;;;;;;;;;;
129;2025-09-21;10;en;906783;2025-09-21;2025-09-21;1;1999;2;2;9;28;1;3;;3;5;;2018;1;;0;0;0;0;0;1;0;0;0;0;0;0;0;0;0;0;0;0;0;;0;0;0;1;0;0;0;;;;0;3;;Student;;0;;6;;0;1;1;0;1;1;;4;0;2;3;3;1;3;1;0;2;4;2;;;5;4;2;2;;3;2;2;;3;2;2;;;;;;;;;;;;;;;;;;;;;;;;;;;;;;;;;;;
130;2025-01-24;13;en;991380;2025-01-24;2025-01-24;2;1971;1;;2;18;1;3;;2;5;;1999;1;;0;0;0;0;0;0;0;0;0;0;0;0;0;0;0;0;0;1;0;;0;0;0;1;0;1;0;;;;1;;;Project Manager;1;24;100;1;;0;1;1;0;0;0;;1;1;1;1;2;3;0;2;2;3;2;0;126'698;3;2;2;3;3;3;4;3;;5;5;3;2;;;;;;;;;;;;;;;;;;;;;;;;;;;;;;;;;;;
131;2025-07-25;19;en;954565;2025-07-25;2025-07-25;2;1967;1;;19;13;1;3;;3;5;;1997;1;;0;0;0;0;0;0;0;1;0;0;0;0;0;0;0;0;0;0;0;;0;0;1;0;0;0;0;;;;1;;;ML Engineer;16;31;80;3;;1;0;0;0;0;0;;2;3;1;2;1;2;4;3;1;1;4;1;178'381;2;2;2;2;3;5;2;;4;3;1;2;3;;;;;;;;;;;;;;;;;;;;;;;;;;;;;;;;;;;
132;;9;en;965325;2025-02-13;2025-02-13;2;2003;2;1;12;4;1;1;;2;4;;2023;1;;0;0;0;0;0;0;0;0;1;0;0;0;0;0;0;0;0;0;0;;1;0;0;0;0;0;0;;;;1;;;Epidemiologist;26;0;90;2;;0;0;1;0;0;0;;1;2;3;0;2;3;0;3;3;3;1;0;164'720;2;3;3;2;3;3;3;5;2;3;2;1;1;;;;;;;;;;;;;;;;;;;;;;;;;;;;;;;;;;;
133;;18;en;161037;2025-09-14;2025-09-14;2;1970;1;;15;8;1;2;;4;5;;2022;1;;0;0;0;0;0;0;0;0;0;0;1;0;0;0;1;0;0;0;0;;1;0;0;0;0;0;0;;;;1;;;Biostatistician;19;5;70;1;;1;1;0;0;0;0;;0;2;2;1;3;2;1;0;0;0;2;2;74'410;1;4;5;3;3;2;2;;4;;2;3;2;;;;;;;;;;;;;;;;;;;;;;;;;;;;;;;;;;;
134;2025-10-26;11;en;351693;2025-10-26;2025-10-26;2;1966;1;;10;26;1;1;;2;5;;1995;2;1;0;0;0;1;0;0;0;0;0;0;0;0;0;0;0;0;0;0;0;;1;0;0;0;0;0;0;;;;0;3;;Student;;0;;6;;0;1;0;0;0;0;;1;2;1;0;4;1;3;3;2;0;4;0;;;5;3;2;5;3;4;2;3;3;3;5;4;;;;;;;;;;;;;;;;;;;;;;;;;;;;;;;;;;;
135;2025-07-02;5;en;772018;2025-07-02;2025-07-02;1;1977;2;1;3;26;1;2;;3;4;;2013;2;1;0;0;0;0;0;0;0;1;0;0;1;0;0;1;0;0;0;0;0;;1;0;0;0;0;0;0;;;;1;;;ML Engineer;1;7;70;1;;0;0;0;0;0;1;;1;3;3;1;0;3;4;0;2;2;3;2;126'742;2;1;1;2;4;3;3;3;1;3;4;1;;;;;;;;;;;;;;;;;;;;;;;;;;;;;;;;;;;;
136;2025-08-14;16;en;654623;2025-08-14;2025-08-14;2;1962;1;;17;2;0;1;;3;4;;1980;1;;0;0;0;0;0;0;0;0;0;0;0;0;1;0;0;0;0;0;0;;0;0;0;0;0;1;0;;;;1;;;Project Manager;13;47;20;3;;0;0;1;1;0;1;;1;2;3;2;1;3;1;2;4;3;2;2;62'287;4;;3;3;2;3;3;2;2;3;2;3;5;;;;;;;;;;;;;;;;;;;;;;;;;;;;;;;;;;;
137;2026-02-05;17;en;263034;2026-02-05;2026-02-05;2;1974;1;;23;25;0;4;;2;2;;2005;1;;0;0;0;0;0;0;0;0;0;0;0;0;0;0;0;0;0;0;1;Bioinformatics;1;0;0;0;0;0;0;;;;1;;;Professor;10;15;100;2;;0;0;0;0;1;0;;4;1;2;1;3;2;3;3;3;1;2;3;61'874;2;3;2;2;4;2;2;1;4;1;2;4;2;;;;;;;;;;;;;;;;;;;;;;;;;;;;;;;;;;;
138;2026-01-04;4;en;240083;2026-01-04;2026-01-04;1;2002;2;1;9;8;1;1;;3;6;;2020;2;5;0;0;0;0;1;0;0;0;0;0;0;0;0;0;0;0;0;0;0;;0;0;0;0;0;0;1;;;;1;;;Epidemiologist;11;6;90;3;;1;1;0;0;0;0;;0;2;2;0;4;1;4;0;0;2;2;3;104'230;3;3;5;4;4;2;5;1;3;2;3;2;2;;;;;;;;;;;;;;;;;;;;;;;;;;;;;;;;;;;
139;2025-09-22;7;en;877674;2025-09-22;2025-09-22;1;1966;1;;18;17;0;5;;2;4;;2009;1;;0;0;1;0;0;0;0;0;0;0;0;0;0;0;0;0;1;0;0;;0;1;0;0;0;1;0;;;;0;3;;Student;;0;;6;;0;0;1;1;0;1;;3;1;2;3;3;2;4;0;1;1;1;3;;;1;5;3;2;2;2;1;2;4;2;;;;;;;;;;;;;;;;;;;;;;;;;;;;;;;;;;;;;
140;2025-07-25;20;en;470085;2025-07-25;2025-07-25;1;1984;1;;5;8;1;3;;4;3;;2018;1;;0;0;0;1;0;0;0;0;0;0;0;0;0;1;0;0;0;0;0;;0;0;0;0;0;1;0;;;;1;;;Consultant;20;1;90;4;;0;1;0;0;0;0;;0;1;3;1;4;0;3;3;3;2;0;1;78'238;4;3;4;1;4;;4;1;2;1;3;;5;;;;;;;;;;;;;;;;;;;;;;;;;;;;;;;;;;;
141;2025-08-03;16;en;158951;2025-08-03;2025-08-03;1;1976;1;;24;3;1;1;;3;5;;1995;1;;0;0;0;1;0;0;0;1;0;0;0;0;0;0;0;0;0;0;0;;1;0;0;0;0;0;0;;;;1;;;Software Engineer;8;29;90;1;;1;0;1;0;0;0;;1;3;4;2;2;1;4;2;1;2;1;1;167'098;2;1;2;1;3;2;3;4;1;2;4;1;2;;;;;;;;;;;;;;;;;;;;;;;;;;;;;;;;;;;
142;2026-01-14;8;en;297228;2026-01-14;2026-01-14;2;2001;1;;1;9;1;1;;4;5;;2025;1;;0;0;0;0;0;0;0;0;0;0;0;0;0;1;0;0;0;0;0;;1;0;0;0;0;0;0;;;;1;;;Consultant;22;0;80;3;;0;0;0;1;0;1;;3;2;0;2;3;1;1;2;2;2;2;1;125'020;2;3;2;4;2;2;1;2;3;4;3;;4;;;;;;;;;;;;;;;;;;;;;;;;;;;;;;;;;;;
143;2025-05-19;18;en;642764;2025-05-19;2025-05-19;2;1975;1;;24;1;1;1;;1;4;;2020;1;;0;0;0;0;0;0;0;1;0;0;0;0;0;0;0;0;0;0;0;;0;0;0;0;1;0;0;;;;1;;;Senior Statistician;13;5;100;2;;1;1;1;0;1;0;;4;2;3;0;0;0;0;3;1;1;0;0;157'806;1;5;2;;4;3;3;5;1;1;1;3;2;;;;;;;;;;;;;;;;;;;;;;;;;;;;;;;;;;;
144;2025-07-21;16;en;303430;2025-07-21;2025-07-21;1;1976;2;1;7;28;1;3;;1;2;;2003;1;;0;0;0;0;0;0;0;0;0;0;0;1;0;0;0;0;0;0;0;;1;0;0;0;0;0;0;;;;1;;;Senior Statistician;9;23;60;2;;1;0;0;0;0;1;;1;1;0;3;4;3;1;3;2;0;3;3;122'590;2;1;2;;2;3;1;4;2;1;5;2;5;;;;;;;;;;;;;;;;;;;;;;;;;;;;;;;;;;;
145;2025-02-01;1;en;802103;2025-02-01;2025-02-01;1;1965;1;;11;20;0;1;;4;4;;2017;1;;0;0;1;0;0;0;0;0;0;0;0;0;0;0;0;0;0;0;0;;0;0;0;0;0;0;1;;;;1;;;Data Scientist;8;13;100;2;;0;1;0;1;1;0;;4;3;1;2;4;0;0;3;2;3;3;3;124'378;2;2;4;2;1;3;2;5;3;1;3;2;4;;;;;;;;;;;;;;;;;;;;;;;;;;;;;;;;;;;
146;2025-07-28;11;en;687040;2025-07-28;2025-07-28;2;1959;1;;7;28;0;1;;2;1;;1995;1;;0;0;0;1;0;0;0;0;0;0;0;0;0;0;0;0;0;0;0;;1;0;0;0;0;0;0;;;;1;;;Statistician;22;38;70;4;;0;0;1;0;1;0;;1;2;3;2;4;1;4;0;1;0;4;2;94'204;3;1;1;4;3;3;3;5;3;3;4;3;3;;;;;;;;;;;;;;;;;;;;;;;;;;;;;;;;;;;
147;2025-03-19;19;en;882703;2025-03-19;2025-03-19;1;1972;2;1;11;28;1;2;;1;4;;2025;1;;0;0;0;0;0;0;1;0;0;0;1;0;0;0;0;0;0;0;0;;1;0;0;0;0;0;0;;;;1;;;Senior Statistician;17;0;100;1;;0;1;0;0;1;1;;2;0;2;0;1;1;2;2;2;3;2;0;153'957;3;3;4;5;1;;1;3;4;4;3;2;2;;;;;;;;;;;;;;;;;;;;;;;;;;;;;;;;;;;
148;2025-09-14;6;en;595213;2025-09-14;2025-09-14;2;2000;1;;23;17;1;2;;3;4;;2024;2;2;0;0;0;0;0;0;0;1;0;0;1;0;0;0;0;0;0;0;0;;1;0;0;0;0;0;0;;;;1;;;Data Scientist;8;2;70;3;;1;0;0;1;0;1;;1;2;0;2;1;0;1;3;2;2;0;0;63'294;2;4;3;3;2;2;5;4;1;2;2;3;3;;;;;;;;;;;;;;;;;;;;;;;;;;;;;;;;;;;
149;2025-12-15;12;en;706257;2025-12-15;2025-12-15;1;1983;1;;22;20;1;1;;4;3;;2002;1;;0;0;0;0;1;0;0;0;0;0;0;0;0;1;0;0;0;1;0;;0;0;0;1;0;1;0;;;;1;;;Consultant;14;22;100;1;;0;0;0;0;1;1;;1;1;4;3;2;0;3;3;3;2;2;2;151'455;1;3;3;3;4;2;2;3;2;2;2;3;5;;;;;;;;;;;;;;;;;;;;;;;;;;;;;;;;;;;
150;2025-03-26;14;en;541149;2025-03-26;2025-03-26;2;1965;1;;1;9;0;2;;4;4;;2014;1;;0;0;0;0;0;0;0;0;0;0;0;1;0;0;0;0;0;0;0;;0;0;0;1;0;0;0;;;;1;;;Postdoc;23;5;90;1;;0;1;0;0;1;0;;0;1;3;0;3;3;3;3;2;0;3;2;132'574;3;4;4;3;2;1;4;;1;4;2;2;4;;;;;;;;;;;;;;;;;;;;;;;;;;;;;;;;;;;
151;2025-06-06;11;en;702956;2025-06-06;2025-06-06;1;1982;1;;15;16;1;2;;2;2;;2025;1;;0;0;0;0;1;0;0;0;0;1;0;0;0;0;0;0;0;0;0;;0;0;0;0;0;0;1;;;;1;;;Project Manager;8;0;100;4;;0;0;0;0;0;0;;0;1;4;2;2;1;2;1;3;1;3;3;161'083;2;4;4;4;2;2;1;2;2;3;2;2;3;;;;;;;;;;;;;;;;;;;;;;;;;;;;;;;;;;;
152;2025-08-01;5;en;745757;2025-08-01;2025-08-01;2;1995;1;;17;4;0;1;;3;5;;2022;1;;0;0;0;0;0;0;0;0;0;0;0;0;0;0;0;1;0;0;0;;1;0;0;0;0;0;0;;;;1;;;PhD student;20;0;100;2;;0;0;0;0;0;0;;4;3;1;1;1;2;0;1;4;3;3;3;122'367;3;1;4;;;2;4;3;3;3;2;4;3;;;;;;;;;;;;;;;;;;;;;;;;;;;;;;;;;;;
153;2025-01-22;16;en;444729;2025-01-22;2025-01-22;2;1978;2;1;1;7;1;2;;2;4;;2009;2;1;0;0;0;0;1;0;0;0;0;0;0;0;0;0;0;0;0;0;0;;1;0;0;0;0;0;0;;;;1;;;Postdoc;18;14;100;4;;1;1;0;0;1;0;;0;2;2;1;1;2;0;3;2;2;0;3;164'940;1;2;2;5;1;3;4;2;2;3;2;4;4;;;;;;;;;;;;;;;;;;;;;;;;;;;;;;;;;;;
154;2025-01-27;1;en;351469;2025-01-27;2025-01-27;1;1991;1;;20;23;1;5;;3;4;;2016;1;;0;0;0;0;0;0;0;0;0;0;1;0;0;0;0;0;0;0;0;;1;0;0;0;0;0;0;;;;1;;;Research Scientist;16;9;100;5;;0;0;0;1;0;0;;2;3;3;2;0;2;3;0;4;1;2;3;73'159;3;2;1;3;4;1;3;2;2;2;2;1;2;;;;;;;;;;;;;;;;;;;;;;;;;;;;;;;;;;;
155;2025-11-23;5;en;441004;2025-11-23;2025-11-23;1;1972;2;1;19;28;1;1;;4;4;;2002;2;1;0;0;0;1;0;0;0;0;0;0;0;0;0;0;0;0;0;0;0;;0;0;0;0;1;1;0;;;;1;;;Research Scientist;24;27;100;3;;1;0;0;0;0;1;;4;2;3;1;2;3;4;0;1;2;3;0;71'477;4;3;3;2;2;2;3;2;3;4;4;1;3;;;;;;;;;;;;;;;;;;;;;;;;;;;;;;;;;;;
156;2025-02-20;1;en;312106;2025-02-20;2025-02-20;1;1976;1;;23;28;0;2;;2;4;;2015;1;;0;0;0;0;0;0;0;0;0;0;0;0;0;0;0;1;0;0;0;;0;1;0;0;0;0;0;;;;0;3;;Student;;0;;6;;1;1;0;0;0;0;;3;3;3;2;3;3;0;2;3;2;3;0;;;1;3;1;;3;2;4;3;2;1;2;2;;;;;;;;;;;;;;;;;;;;;;;;;;;;;;;;;;;
157;2025-01-20;16;en;179096;2025-01-20;2025-01-20;1;1973;1;;22;27;1;1;;2;1;;1993;1;;0;0;0;1;0;0;0;0;0;0;0;0;0;0;0;0;0;0;0;;1;0;0;0;0;0;0;;;;1;;;ML Engineer;29;37;60;2;;0;0;1;0;1;1;;4;3;0;2;4;1;0;3;0;2;0;1;167'155;2;5;3;4;;4;2;2;2;2;3;3;5;;;;;;;;;;;;;;;;;;;;;;;;;;;;;;;;;;;
158;2025-02-22;5;en;814865;2025-02-22;2025-02-22;1;1966;1;;1;16;0;1;;4;3;;1985;1;;0;0;0;1;0;0;0;0;0;0;0;0;0;0;0;0;0;0;0;;1;0;0;0;0;0;0;;;;0;5;;Retired;;0;;6;;0;1;0;0;1;1;;2;2;4;0;4;0;1;1;3;2;3;2;;;1;2;3;3;4;4;3;2;2;4;2;3;;;;;;;;;;;;;;;;;;;;;;;;;;;;;;;;;;;
159;2025-07-07;1;en;960241;2025-07-07;2025-07-07;2;1962;1;;24;11;1;3;;4;4;;2025;2;1;0;0;0;0;0;0;0;0;0;0;0;0;0;1;0;0;0;0;0;;0;1;0;0;1;0;0;;;;0;2;;Unemployed;;0;;6;;0;0;0;1;0;1;;3;0;4;0;4;2;2;3;3;1;4;3;;;2;3;;3;4;1;2;1;1;4;5;1;;;;;;;;;;;;;;;;;;;;;;;;;;;;;;;;;;;
160;2025-08-04;20;en;611513;2025-08-04;2025-08-04;2;1959;1;;17;7;1;4;;2;4;;2022;2;2;1;0;0;0;0;0;0;0;0;0;0;0;0;0;0;0;0;0;0;;1;0;0;0;0;0;0;;;;1;;;Consultant;29;5;90;4;;0;0;1;1;0;1;;2;1;0;1;0;2;0;2;0;0;2;3;146'579;2;2;4;5;4;4;1;2;2;4;2;4;2;;;;;;;;;;;;;;;;;;;;;;;;;;;;;;;;;;;
161;2025-07-12;16;en;715229;2025-07-12;2025-07-12;2;1975;2;5;5;5;1;3;;2;2;;2009;1;;0;0;0;0;0;0;0;0;0;1;0;0;0;0;0;0;0;0;0;;0;0;1;0;0;0;1;;;;1;;;Professor;3;12;90;5;;0;1;0;0;0;1;;1;0;4;0;2;2;0;0;2;3;0;3;148'702;2;2;3;4;2;;4;3;1;2;2;3;3;;;;;;;;;;;;;;;;;;;;;;;;;;;;;;;;;;;
162;2025-09-27;5;en;456093;2025-09-27;2025-09-27;1;1967;1;;6;26;1;2;;4;3;;1989;2;1;0;0;0;0;0;0;0;0;0;0;1;0;0;0;1;0;0;0;0;;0;0;0;0;0;1;0;;;;1;;;Research Scientist;17;40;90;1;;0;0;1;0;0;1;;4;1;3;0;4;0;1;0;2;0;2;1;129'201;2;4;1;4;3;4;;2;2;3;5;5;3;;;;;;;;;;;;;;;;;;;;;;;;;;;;;;;;;;;
163;2025-09-16;10;en;924040;2025-09-16;2025-09-16;2;1963;2;1;9;22;1;1;;3;6;;2013;1;;0;0;0;0;0;0;0;0;0;0;0;0;1;0;0;0;0;0;1;;0;0;0;1;0;0;0;;;;1;;;Quantitative Analyst;29;18;100;5;;1;0;0;0;1;1;;4;0;2;3;3;2;2;1;2;3;4;1;170'439;2;3;5;4;3;3;2;1;4;4;3;3;3;;;;;;;;;;;;;;;;;;;;;;;;;;;;;;;;;;;
164;2025-12-19;12;en;992094;2025-12-19;2025-12-19;2;1991;1;;19;28;1;4;;3;5;;2022;2;1;0;0;0;0;0;0;0;0;0;0;0;1;0;0;0;0;0;0;0;;1;0;0;0;0;0;0;;;;0;3;;Student;;0;;6;;1;0;0;0;1;0;;4;1;3;1;3;1;2;2;3;3;0;2;;;1;2;2;;3;1;3;2;3;2;3;1;;;;;;;;;;;;;;;;;;;;;;;;;;;;;;;;;;;
165;2025-08-21;16;en;517831;2025-08-21;2025-08-21;1;1970;1;;17;8;1;1;;1;5;;2004;1;;0;0;0;0;0;0;0;0;0;0;0;0;0;0;0;0;1;0;0;;0;0;0;0;0;0;1;;;;1;;;Senior Statistician;15;23;100;2;;0;1;0;1;1;0;;2;0;3;3;1;2;2;2;2;1;2;2;92'659;2;2;;3;3;2;1;5;3;4;1;3;2;;;;;;;;;;;;;;;;;;;;;;;;;;;;;;;;;;;
166;2025-07-03;20;en;881268;2025-07-03;2025-07-03;1;1968;1;;7;20;0;1;;2;3;;2005;2;2;0;0;1;0;0;0;0;1;0;0;0;0;0;0;0;0;0;0;0;;0;0;0;0;0;1;0;;;;1;;;Quantitative Analyst;26;11;100;2;;0;1;1;0;1;1;;4;0;4;2;2;0;1;1;2;0;1;2;63'830;5;2;3;3;1;4;4;1;3;2;3;2;1;;;;;;;;;;;;;;;;;;;;;;;;;;;;;;;;;;;
167;2025-04-11;7;en;636782;2025-04-11;2025-04-11;2;1985;2;1;11;1;0;2;;2;1;;2005;1;;0;0;0;1;0;0;0;0;0;0;0;0;0;0;0;0;0;0;0;;1;0;0;0;0;0;0;;;;1;;;Professor;31;22;80;5;;0;1;0;0;0;0;;1;1;1;2;0;3;0;1;0;0;3;1;171'015;2;4;2;1;4;2;;3;4;1;2;2;;;;;;;;;;;;;;;;;;;;;;;;;;;;;;;;;;;;
168;2025-01-01;5;en;865442;2025-01-01;2025-01-01;1;1988;2;1;26;24;0;5;;2;5;;2006;1;;0;0;1;0;0;0;0;0;0;0;0;0;0;0;0;0;0;0;0;;1;0;0;0;0;0;0;;;;1;;;Biostatistician;27;16;100;3;;1;0;0;0;0;1;;0;0;3;3;2;0;3;1;1;2;4;2;138'328;2;2;3;5;3;3;5;2;3;3;3;5;3;;;;;;;;;;;;;;;;;;;;;;;;;;;;;;;;;;;
169;2025-05-07;3;en;881441;2025-05-07;2025-05-07;1;1965;1;;11;28;1;2;;2;4;;2008;2;1;0;0;0;0;0;0;0;0;1;0;0;0;1;0;0;0;0;0;0;;1;0;0;0;0;0;0;;;;1;;;Epidemiologist;24;13;100;5;;0;1;0;0;0;0;;1;1;1;2;2;3;4;0;4;3;2;3;144'374;2;2;2;1;4;;3;1;2;3;2;2;2;;;;;;;;;;;;;;;;;;;;;;;;;;;;;;;;;;;
170;2025-11-20;14;en;711737;2025-11-20;2025-11-20;2;1958;2;6;10;18;1;1;;3;4;;2000;2;1;0;0;0;0;0;1;1;0;0;0;1;0;0;0;0;0;0;0;0;;1;0;0;0;0;0;0;;;;1;;;Professor;13;25;100;2;;0;1;0;0;0;0;;4;3;2;3;2;3;3;0;4;3;3;0;178'537;1;;3;1;2;3;3;2;2;2;4;3;2;;;;;;;;;;;;;;;;;;;;;;;;;;;;;;;;;;;
171;2025-05-26;18;en;979905;2025-05-26;2025-05-26;1;1986;2;1;22;3;1;1;;2;5;;2025;1;;0;0;0;0;0;0;0;0;0;0;0;0;0;0;0;0;0;1;0;;0;1;0;0;1;0;0;;;;1;;;Epidemiologist;9;9;100;2;;1;0;1;0;0;0;;4;3;0;2;0;0;0;3;4;1;3;2;80'467;1;2;;;4;4;2;3;5;1;1;3;;;;;;;;;;;;;;;;;;;;;;;;;;;;;;;;;;;;
172;2025-02-04;8;en;149451;2025-02-04;2025-02-04;1;1972;1;;8;17;1;5;;2;3;;2019;1;;0;0;0;0;0;0;0;0;0;0;0;0;0;0;1;0;0;0;0;;0;0;0;0;1;0;0;;;;1;;;PhD student;16;1;100;1;;1;0;0;0;0;1;;0;0;2;2;2;2;1;0;3;0;3;3;168'583;3;1;4;2;3;;1;4;1;3;2;1;1;;;;;;;;;;;;;;;;;;;;;;;;;;;;;;;;;;;
173;2025-08-03;8;en;623086;2025-08-03;2025-08-03;1;1963;1;;5;17;1;1;;4;3;;1994;1;;0;0;0;1;0;0;0;0;0;0;0;0;0;1;0;0;0;0;0;;1;0;0;0;0;0;0;;;;1;;;Professor;16;30;80;3;;0;0;0;0;0;1;;2;0;1;3;0;0;0;0;0;0;1;0;82'510;4;4;4;1;4;3;2;3;4;2;3;2;3;;;;;;;;;;;;;;;;;;;;;;;;;;;;;;;;;;;
174;2025-05-11;18;en;617269;2025-05-11;2025-05-11;1;2003;1;;22;28;1;2;;2;2;;2025;1;;0;0;0;0;0;1;0;0;0;0;0;0;0;0;0;0;0;0;0;;0;0;1;0;0;0;0;;;;1;;;Statistician;14;1;90;1;;0;0;1;0;0;0;;0;0;0;1;1;3;1;1;3;3;0;2;63'144;4;3;2;2;2;1;;2;4;3;2;1;4;;;;;;;;;;;;;;;;;;;;;;;;;;;;;;;;;;;
175;2025-07-02;19;en;671580;2025-07-02;2025-07-02;1;1973;2;1;26;28;1;2;;3;2;;2013;1;;0;0;0;0;0;0;0;0;0;0;0;0;0;0;0;0;0;1;0;;1;0;0;0;0;0;0;;;;1;;;Software Engineer;4;10;80;2;;1;1;0;0;0;1;;3;0;4;2;3;1;4;1;3;0;4;1;114'541;3;3;1;5;1;3;3;3;5;3;;3;5;;;;;;;;;;;;;;;;;;;;;;;;;;;;;;;;;;;
176;2026-01-10;12;en;790689;2026-01-10;2026-01-10;1;1996;1;;2;14;1;2;;3;4;;2021;2;2;0;0;0;0;0;0;0;0;0;0;0;0;0;0;1;0;0;0;0;;1;0;0;0;0;0;0;;;;1;;;Senior Statistician;6;7;100;3;;0;1;1;1;0;1;;3;3;3;0;4;2;1;3;0;2;4;1;104'018;2;2;2;2;;1;5;1;2;4;3;2;;;;;;;;;;;;;;;;;;;;;;;;;;;;;;;;;;;;
177;2025-11-20;8;en;202579;2025-11-20;2025-11-20;2;1986;1;;23;28;1;1;;2;5;;2006;2;3;0;0;0;0;0;0;0;0;0;0;0;0;1;0;0;1;0;0;0;;1;0;0;0;0;0;0;;;;1;;;Data Scientist;16;13;100;2;;0;0;0;0;0;0;;4;3;4;3;0;1;0;0;4;1;4;3;109'500;1;1;4;2;3;2;2;2;2;;4;3;5;;;;;;;;;;;;;;;;;;;;;;;;;;;;;;;;;;;
178;2025-09-17;5;en;959350;2025-09-17;2025-09-17;1;1957;1;;20;28;0;3;;2;3;;2002;1;;1;0;0;1;1;0;0;0;0;0;0;0;0;0;0;0;0;0;0;;1;0;0;0;0;0;0;;;;0;4;;Unemployed;;0;;6;;0;0;1;1;0;0;;3;2;3;0;2;3;4;0;0;0;2;3;;;3;4;4;4;3;3;4;2;3;2;2;3;;;;;;;;;;;;;;;;;;;;;;;;;;;;;;;;;;;
179;2025-07-01;10;en;485520;2025-07-01;2025-07-01;1;1958;1;;18;13;1;1;;4;4;;2008;1;;0;0;0;0;0;1;0;0;0;1;0;0;0;0;0;0;0;0;0;;0;0;0;1;1;0;0;;;;1;;;ML Engineer;21;14;90;2;;0;1;0;0;0;0;;1;1;0;0;0;0;1;2;0;1;0;0;140'951;2;1;3;;;1;;2;3;2;3;2;4;;;;;;;;;;;;;;;;;;;;;;;;;;;;;;;;;;;
180;2025-04-06;15;en;707674;2025-04-06;2025-04-06;1;1968;1;;18;20;1;2;;3;2;;2025;1;;0;0;0;0;0;0;0;0;0;0;0;0;0;0;0;1;0;0;0;;0;1;0;1;0;0;0;;;;1;;;Professor;4;0;100;1;;1;1;1;0;0;1;;1;2;2;0;1;0;3;1;1;1;3;1;178'579;3;3;5;3;1;2;2;1;2;1;2;2;3;;;;;;;;;;;;;;;;;;;;;;;;;;;;;;;;;;;
181;2025-09-23;20;en;758612;2025-09-23;2025-09-23;1;1968;1;;8;3;1;2;;4;2;;1994;1;;0;0;0;0;0;0;0;0;1;0;0;0;0;0;0;0;0;0;0;;0;1;0;1;0;0;0;;;;1;;;Epidemiologist;10;31;60;1;;1;0;0;0;1;1;;1;3;0;1;4;2;1;1;2;1;2;0;61'332;3;4;4;2;3;3;4;2;2;2;2;1;1;;;;;;;;;;;;;;;;;;;;;;;;;;;;;;;;;;;
182;2025-01-09;18;en;678027;2025-01-09;2025-01-09;1;1983;1;;10;26;1;1;;3;5;;2009;1;;0;0;0;0;1;0;0;0;0;0;0;0;1;0;0;0;0;1;0;;0;0;0;1;1;0;0;;;;1;;;Epidemiologist;10;14;50;1;;0;1;1;0;1;1;;0;3;2;1;3;2;1;3;4;1;0;1;126'328;2;4;4;1;4;3;2;2;5;;4;2;1;;;;;;;;;;;;;;;;;;;;;;;;;;;;;;;;;;;
183;2026-01-14;11;en;744454;2026-01-14;2026-01-14;1;1957;1;;16;2;0;1;;3;5;;1988;1;;0;0;0;0;0;1;0;0;0;0;0;0;0;0;0;0;0;0;0;;1;0;0;0;0;0;0;;;;1;;;PhD student;13;31;90;2;;1;0;0;0;0;0;;1;2;3;0;0;3;4;1;2;3;1;2;92'934;1;1;4;3;2;1;2;3;2;;5;3;2;;;;;;;;;;;;;;;;;;;;;;;;;;;;;;;;;;;
184;2025-01-05;1;en;701048;2025-01-05;2025-01-05;3;1977;1;;20;26;1;4;;2;4;;1995;1;;0;0;0;0;0;0;0;0;0;0;0;0;0;0;1;0;0;0;0;;1;0;0;0;0;0;0;;;;1;;;Software Engineer;18;21;80;1;;1;0;1;0;0;0;;4;1;2;1;0;3;4;1;1;1;0;2;172'332;2;3;2;;2;1;4;4;2;1;1;3;2;;;;;;;;;;;;;;;;;;;;;;;;;;;;;;;;;;;
185;2025-04-20;11;en;122131;2025-04-20;2025-04-20;2;2002;2;1;5;22;1;2;;1;1;;2021;1;;0;0;1;0;0;0;0;0;0;0;0;0;0;0;0;0;0;0;0;;1;0;0;0;0;0;0;;;;1;;;Epidemiologist;4;3;70;2;;0;0;0;0;1;0;;2;3;3;3;2;0;1;0;2;1;1;3;73'905;3;;2;3;5;5;2;3;2;3;3;1;1;;;;;;;;;;;;;;;;;;;;;;;;;;;;;;;;;;;
186;2025-07-10;1;en;645801;2025-07-10;2025-07-10;2;1968;1;;11;18;0;2;;3;4;;2014;2;4;0;1;0;0;0;0;1;0;0;0;0;0;0;0;1;0;0;0;0;;1;0;0;0;0;0;0;;;;0;4;;Unemployed;;0;;6;;1;0;0;0;0;0;;0;2;3;2;0;0;4;3;0;2;0;2;;;;1;5;5;4;4;2;2;1;2;1;4;;;;;;;;;;;;;;;;;;;;;;;;;;;;;;;;;;;
187;2025-06-13;4;en;258025;2025-06-13;2025-06-13;2;1971;2;3;14;1;0;4;;2;5;;1992;2;5;0;0;0;0;0;0;0;0;0;0;0;0;0;1;0;0;0;0;0;;1;0;0;0;0;0;0;;;;0;2;;Unemployed;;0;;6;;0;0;0;1;0;1;;4;0;1;1;4;1;2;2;2;3;1;0;;;3;1;1;4;2;3;4;5;1;4;2;2;;;;;;;;;;;;;;;;;;;;;;;;;;;;;;;;;;;
188;2025-09-23;17;en;770007;2025-09-23;2025-09-23;2;2002;1;;1;15;1;1;;1;5;;2025;2;1;0;0;0;0;0;0;0;1;0;0;0;0;0;0;0;0;0;0;0;;0;0;0;0;1;0;1;;;;1;;;Software Engineer;29;0;60;2;;1;1;0;1;0;0;;0;0;0;0;2;2;2;2;1;1;3;2;165'760;3;3;5;4;3;3;2;2;5;1;4;1;2;;;;;;;;;;;;;;;;;;;;;;;;;;;;;;;;;;;
189;2026-01-24;8;en;658164;2026-01-24;2026-01-24;2;1986;1;;4;20;1;3;;1;4;;2020;2;5;0;0;0;1;0;0;0;0;0;0;0;0;0;0;0;0;0;0;1;Bioinformatics;0;1;1;0;0;0;0;;;;1;;;Data Scientist;2;7;100;1;;1;0;0;0;0;1;;4;3;2;3;3;2;3;1;3;3;0;3;161'267;2;4;3;2;1;3;2;3;2;4;;2;4;;;;;;;;;;;;;;;;;;;;;;;;;;;;;;;;;;;
190;2025-04-07;7;en;879473;2025-04-07;2025-04-07;2;1966;1;;12;28;1;3;;4;5;;2025;2;1;0;0;0;0;0;0;0;0;0;1;0;0;0;0;0;0;0;0;0;;0;0;0;1;0;0;0;;;;0;2;;Unemployed;;0;;6;;0;0;0;1;0;1;;4;1;3;2;4;1;1;0;4;3;3;2;;;3;2;4;3;5;;2;3;2;3;3;3;;;;;;;;;;;;;;;;;;;;;;;;;;;;;;;;;;;
191;2025-04-07;18;en;626997;2025-04-07;2025-04-07;2;1977;1;;3;22;1;1;;1;4;;2015;1;;0;0;0;0;0;0;0;1;0;0;0;0;0;0;0;0;0;0;0;;0;1;0;0;0;0;0;;;;1;;;Data Scientist;4;9;100;3;;1;0;0;1;0;1;;3;0;0;3;2;1;2;1;1;3;2;0;167'086;2;4;2;4;2;2;4;4;1;4;1;5;3;;;;;;;;;;;;;;;;;;;;;;;;;;;;;;;;;;;
192;2025-05-26;16;en;784316;2025-05-26;2025-05-26;2;1982;1;;19;9;1;1;;3;3;;2023;1;;0;0;1;0;0;1;0;0;0;0;1;0;0;0;0;0;0;0;0;;1;0;0;0;0;0;0;;;;0;3;;Student;;0;;6;;0;0;0;0;0;0;;2;0;3;0;1;0;3;0;3;3;0;1;;;2;2;3;2;2;4;5;5;2;2;2;1;;;;;;;;;;;;;;;;;;;;;;;;;;;;;;;;;;;
193;;19;en;548105;2025-04-16;2025-04-16;1;1978;2;1;8;16;1;4;;2;4;;2012;2;1;0;0;0;0;0;0;1;0;0;0;0;0;0;0;0;1;0;0;0;;0;0;0;0;0;0;1;;;;1;;;Data Analyst;12;13;90;2;;0;1;1;0;1;0;;4;1;1;1;4;0;2;1;3;0;3;2;67'823;5;1;2;3;4;4;2;5;4;3;2;4;2;;;;;;;;;;;;;;;;;;;;;;;;;;;;;;;;;;;
194;2025-05-11;12;en;106918;2025-05-11;2025-05-11;2;1998;1;;22;19;1;4;;1;5;;2019;2;1;0;0;0;0;0;0;0;1;0;0;0;0;0;0;0;1;0;0;0;;0;0;0;1;0;0;0;;;;1;;;Consultant;5;0;100;2;;0;0;1;1;1;0;;4;1;3;1;4;3;2;2;1;1;3;1;65'046;2;;2;2;1;;1;3;5;3;4;3;2;;;;;;;;;;;;;;;;;;;;;;;;;;;;;;;;;;;
195;2025-01-25;11;en;760134;2025-01-25;2025-01-25;1;1973;2;1;12;3;1;2;;2;4;;1995;1;;0;0;0;0;0;0;1;0;0;0;0;0;0;0;0;0;0;0;1;Bioinformatics;1;0;0;0;0;0;0;;;;1;;;Project Manager;13;33;100;1;;0;1;1;0;1;1;;3;2;4;0;4;2;0;0;0;2;1;2;165'301;5;2;2;3;;5;3;2;4;4;1;;2;;;;;;;;;;;;;;;;;;;;;;;;;;;;;;;;;;;
196;2025-11-07;15;en;977066;2025-11-07;2025-11-07;2;1979;1;;4;10;1;1;;3;4;;2008;1;;0;0;0;0;0;0;0;0;0;0;0;0;0;0;1;0;0;0;0;;0;0;0;0;1;0;0;;;;0;3;;Student;;0;;6;;0;0;1;0;1;1;;3;2;3;1;1;1;4;2;2;1;4;2;;;2;1;1;1;;2;4;2;3;;4;1;;;;;;;;;;;;;;;;;;;;;;;;;;;;;;;;;;;
197;2025-09-30;5;en;834735;2025-09-30;2025-09-30;1;1974;1;;19;28;1;2;;2;4;;2024;2;3;0;0;0;0;0;0;0;0;0;0;1;0;0;0;0;0;0;0;0;;0;0;0;0;1;0;0;;;;1;;;Professor;15;4;100;3;;0;1;0;0;0;0;;0;2;0;3;0;2;4;3;1;3;4;2;62'377;3;2;4;3;5;5;5;1;3;4;4;4;4;;;;;;;;;;;;;;;;;;;;;;;;;;;;;;;;;;;
198;2025-11-07;5;en;601504;2025-11-07;2025-11-07;1;1999;1;;25;12;1;1;;2;5;;2022;1;;0;0;0;0;0;0;0;0;0;0;0;1;0;0;0;0;0;0;0;;1;0;0;0;0;0;0;;;;1;;;Epidemiologist;15;0;100;4;;0;0;0;1;0;0;;4;0;2;3;0;2;0;0;4;2;4;3;115'295;2;2;3;5;3;1;;2;1;4;1;1;4;;;;;;;;;;;;;;;;;;;;;;;;;;;;;;;;;;;
199;2025-03-04;3;en;253336;2025-03-04;2025-03-04;2;1979;1;;14;1;0;5;;2;2;;2024;1;;1;0;0;0;0;0;0;0;0;0;0;0;0;0;0;0;0;0;0;;1;0;0;0;0;0;0;;;;1;;;Data Scientist;28;0;60;3;;0;1;0;0;1;1;;0;2;2;3;3;2;4;2;2;0;0;2;142'489;3;1;3;2;2;1;3;4;2;4;5;3;4;;;;;;;;;;;;;;;;;;;;;;;;;;;;;;;;;;;
200;2025-11-21;4;en;346858;2025-11-21;2025-11-21;2;1993;2;1;24;12;0;1;;2;4;;2014;1;;1;0;0;0;0;0;0;0;1;0;0;0;0;0;0;0;0;0;0;;0;0;0;1;0;0;0;;;;1;;;Data Analyst;29;11;40;1;;1;1;1;0;1;0;;1;2;3;1;3;3;3;2;2;3;2;0;105'479;1;2;2;3;5;1;2;3;4;;4;2;1;;;;;;;;;;;;;;;;;;;;;;;;;;;;;;;;;;;
201;2025-10-29;2;en;977567;2025-10-29;2025-10-29;2;1962;2;2;6;12;0;1;;1;5;;2003;1;;0;0;0;0;0;0;0;0;0;0;0;0;0;0;0;1;0;1;0;;0;1;0;0;0;0;0;;;;1;;;ML Engineer;22;21;100;3;;0;0;1;1;0;1;;3;2;0;1;1;3;3;2;4;0;1;3;103'598;3;4;2;4;5;;4;3;5;2;3;2;2;;;;;;;;;;;;;;;;;;;;;;;;;;;;;;;;;;;
202;2025-04-15;15;en;591903;2025-04-15;2025-04-15;1;1973;1;;1;2;0;1;;4;3;;2021;2;2;0;0;0;1;0;0;0;0;0;0;0;0;0;0;0;0;0;0;0;;0;0;1;0;0;1;0;;;;0;4;;Unemployed;;0;;6;;1;1;0;1;0;0;;4;0;4;0;4;3;1;0;1;1;3;2;;;5;1;4;4;3;1;4;4;3;1;3;2;;;;;;;;;;;;;;;;;;;;;;;;;;;;;;;;;;;
203;2025-01-21;11;en;899222;2025-01-21;2025-01-21;3;1979;2;1;21;28;0;4;;4;2;;2012;2;2;0;0;0;0;0;0;0;0;0;0;0;0;0;0;0;0;1;0;0;;0;0;0;0;1;0;0;;;;1;;;Project Manager;18;8;90;2;;0;0;1;0;0;0;;1;0;0;3;2;3;4;0;1;0;3;1;109'803;3;2;2;3;;3;3;3;2;2;2;2;5;;;;;;;;;;;;;;;;;;;;;;;;;;;;;;;;;;;
204;2025-09-27;11;en;456182;2025-09-27;2025-09-27;1;2002;1;;7;1;1;1;;4;4;;2024;2;2;0;0;0;0;0;0;0;0;0;0;0;0;0;0;1;0;0;0;0;;1;0;0;0;0;0;0;;;;0;5;;Retired;;0;;6;;0;1;0;1;1;0;;1;1;4;2;2;3;4;1;2;2;3;1;;;3;1;4;3;2;2;2;4;3;4;1;2;;;;;;;;;;;;;;;;;;;;;;;;;;;;;;;;;;;
205;2025-05-07;15;en;741191;2025-05-07;2025-05-07;2;1955;1;;7;14;0;4;;3;2;;1996;1;;0;0;0;0;0;0;0;0;0;0;1;0;0;0;0;0;0;0;0;;0;0;0;0;1;0;0;;;;1;;;Research Scientist;1;27;100;2;;0;0;0;0;1;1;;2;1;0;2;0;0;2;3;1;2;0;3;90'974;5;2;5;4;4;3;4;3;2;2;3;5;1;;;;;;;;;;;;;;;;;;;;;;;;;;;;;;;;;;;
206;2025-07-23;12;en;590195;2025-07-23;2025-07-23;2;1967;1;;11;13;1;5;;4;3;;1992;1;;0;0;0;0;0;0;0;1;1;0;0;0;0;0;0;0;0;0;0;;0;1;0;0;0;0;0;;;;1;;;Quantitative Analyst;8;31;50;3;;0;0;1;0;0;1;;1;0;3;1;1;3;1;0;4;0;0;2;101'670;2;3;4;3;4;4;4;1;2;3;1;3;3;;;;;;;;;;;;;;;;;;;;;;;;;;;;;;;;;;;
207;2026-02-04;6;en;764997;2026-02-04;2026-02-04;1;2003;1;;19;28;1;1;;3;6;;2025;1;;0;0;0;0;0;0;0;0;0;0;1;0;0;0;0;0;0;0;0;;0;0;1;0;0;0;0;;;;1;;;Postdoc;18;0;70;3;;0;1;0;0;0;1;;3;2;4;3;1;1;0;1;0;2;1;2;97'206;5;4;3;5;4;3;1;3;3;3;2;2;4;;;;;;;;;;;;;;;;;;;;;;;;;;;;;;;;;;;
208;2025-08-30;12;en;700661;2025-08-30;2025-08-30;2;2003;2;1;2;1;0;1;;2;1;;2024;2;1;0;0;0;0;0;1;0;0;0;0;0;1;0;0;0;0;0;0;0;;0;0;1;0;0;0;0;;;;1;;;Postdoc;9;1;70;2;;0;0;0;1;1;1;;3;1;2;3;1;3;0;0;3;3;4;1;148'139;2;1;3;2;3;4;2;2;2;5;3;3;2;;;;;;;;;;;;;;;;;;;;;;;;;;;;;;;;;;;
209;2025-04-03;14;en;106436;2025-04-03;2025-04-03;1;1975;1;;18;5;1;1;;2;1;;2001;2;1;1;0;0;0;0;0;0;1;0;0;0;0;0;0;0;0;0;0;1;;0;0;0;0;0;0;1;;;;1;;;Statistician;11;14;90;5;;0;1;0;0;0;0;;1;3;3;3;1;3;4;2;1;0;2;3;137'894;2;3;3;3;2;;4;2;4;4;5;2;3;;;;;;;;;;;;;;;;;;;;;;;;;;;;;;;;;;;
210;2025-07-18;8;en;750285;2025-07-18;2025-07-18;1;1979;1;;7;5;0;1;;2;4;;2011;1;;0;0;0;0;1;0;0;0;0;1;0;0;0;0;0;0;0;0;1;;1;0;0;0;0;0;0;;;;1;;;Software Engineer;1;5;100;2;;0;1;0;0;0;0;;2;1;4;1;0;1;2;3;3;3;2;1;65'241;3;4;4;5;3;2;1;1;2;;2;3;3;;;;;;;;;;;;;;;;;;;;;;;;;;;;;;;;;;;
211;2025-12-05;4;en;575282;2025-12-05;2025-12-05;1;1971;1;;1;1;0;5;;2;3;;2004;1;;0;0;0;0;0;0;0;0;0;0;0;0;0;0;0;0;0;1;0;;0;0;0;0;0;0;1;;;;1;;;PhD student;8;21;100;2;;0;0;0;0;0;0;;3;0;0;3;4;3;0;0;4;1;2;2;94'346;4;2;4;3;3;2;1;1;3;2;2;1;3;;;;;;;;;;;;;;;;;;;;;;;;;;;;;;;;;;;
212;2025-07-09;18;en;403473;2025-07-09;2025-07-09;2;1978;1;;6;28;0;1;;3;3;;2022;1;;0;0;1;0;0;0;0;0;0;0;0;0;0;0;0;0;0;0;0;;1;0;0;0;0;0;0;;;;1;;;Biostatistician;22;4;50;4;;0;1;0;1;0;0;;1;1;4;1;2;1;0;0;3;0;1;1;68'204;2;3;3;3;3;3;4;;3;1;3;1;4;;;;;;;;;;;;;;;;;;;;;;;;;;;;;;;;;;;
213;2025-10-19;19;en;218440;2025-10-19;2025-10-19;1;1966;1;;19;3;1;3;;2;1;;1993;1;;0;0;0;0;0;0;0;0;0;0;0;0;0;0;0;1;0;0;0;;1;0;0;0;0;0;0;;;;1;;;Senior Statistician;1;22;90;2;;0;0;0;0;0;0;;3;2;2;1;0;3;1;3;1;1;3;0;64'489;2;2;2;5;2;5;4;3;2;2;4;5;3;;;;;;;;;;;;;;;;;;;;;;;;;;;;;;;;;;;
214;2025-07-07;14;en;819748;2025-07-07;2025-07-07;2;1971;2;1;26;2;1;3;;1;5;;1996;2;1;0;0;0;1;0;0;0;0;0;0;0;0;0;0;0;0;0;0;0;;1;0;0;0;0;0;0;;;;1;;;Consultant;28;23;80;3;;0;0;1;0;0;0;;1;1;1;2;0;2;0;2;2;0;1;2;177'820;4;2;;2;4;2;2;3;1;5;3;4;3;;;;;;;;;;;;;;;;;;;;;;;;;;;;;;;;;;;
215;;1;en;302080;2025-04-08;2025-04-08;2;1957;1;;3;25;1;4;;2;4;;1980;1;;0;0;0;0;0;0;0;0;0;0;1;0;0;0;0;0;0;0;0;;0;0;0;0;1;1;0;;;;0;3;;Student;;0;;6;;0;1;0;0;0;0;;4;0;0;0;2;0;2;0;4;1;2;1;;;4;2;2;3;2;3;;1;2;1;2;3;;;;;;;;;;;;;;;;;;;;;;;;;;;;;;;;;;;
216;2025-09-12;16;en;165291;2025-09-12;2025-09-12;4;1964;1;;1;1;1;1;;2;2;;2007;1;;0;0;0;0;0;0;0;0;0;0;0;0;0;0;0;0;0;0;1;;0;0;0;0;0;0;1;;;;1;;;Data Analyst;1;19;100;4;;0;0;1;0;0;0;;2;3;4;1;1;1;2;0;3;2;2;0;90'746;1;2;1;1;1;1;1;2;5;4;5;3;4;;;;;;;;;;;;;;;;;;;;;;;;;;;;;;;;;;;
217;2026-01-29;15;en;514550;2026-01-29;2026-01-29;1;1977;1;;5;25;0;1;;3;5;;2019;1;;0;0;1;0;0;0;0;0;0;0;0;0;0;0;0;0;0;0;0;;1;0;0;0;0;0;0;;;;1;;;Senior Statistician;20;0;50;4;;1;0;0;1;0;0;;1;2;0;2;4;0;4;1;2;2;0;0;120'990;3;4;3;4;3;2;2;1;2;4;3;2;5;;;;;;;;;;;;;;;;;;;;;;;;;;;;;;;;;;;
218;2025-03-11;18;en;169568;2025-03-11;2025-03-11;3;1970;1;;1;26;1;1;;1;5;;1996;1;;0;0;0;0;0;0;0;0;0;0;0;0;0;0;0;0;0;0;1;Bioinformatics;0;0;0;1;0;0;0;;;;1;;;Consultant;13;31;100;1;;0;0;0;0;0;0;;2;0;3;3;4;3;1;3;0;2;3;0;161'632;1;2;3;3;4;4;3;2;2;4;3;1;3;;;;;;;;;;;;;;;;;;;;;;;;;;;;;;;;;;;
219;2025-12-02;3;en;656093;2025-12-02;2025-12-02;1;1998;1;;26;8;1;1;;2;2;;2023;1;;0;0;0;0;0;0;0;0;0;0;0;0;0;0;0;0;0;1;0;;1;0;0;0;0;0;0;;;;1;;;Senior Statistician;9;0;80;1;;1;0;0;0;0;1;;4;1;0;2;1;0;3;1;0;1;2;2;90'419;2;1;4;2;5;3;2;1;1;2;4;4;5;;;;;;;;;;;;;;;;;;;;;;;;;;;;;;;;;;;
220;2025-07-30;19;en;626772;2025-07-30;2025-07-30;1;1987;1;;20;13;1;3;;2;2;;2015;2;1;0;1;0;0;0;0;0;0;0;0;0;1;0;0;0;0;0;0;0;;0;0;1;0;0;0;0;;;;1;;;Consultant;19;8;100;2;;0;0;0;0;1;0;;4;1;4;3;4;3;2;0;2;1;4;0;132'116;2;1;5;3;2;5;4;1;3;2;3;2;2;;;;;;;;;;;;;;;;;;;;;;;;;;;;;;;;;;;
221;2026-02-05;7;en;331679;2026-02-05;2026-02-05;1;1986;1;;5;21;0;2;;3;5;;2006;1;;0;0;0;0;0;0;0;0;0;0;1;0;0;0;0;1;0;0;0;;1;0;0;0;0;0;0;;;;1;;;Consultant;16;17;40;2;;0;0;0;1;0;0;;1;0;1;2;3;1;3;2;2;0;2;0;87'619;2;2;2;1;2;4;1;2;2;2;2;4;2;;;;;;;;;;;;;;;;;;;;;;;;;;;;;;;;;;;
222;2025-12-05;7;en;813844;2025-12-05;2025-12-05;1;1976;1;;16;14;1;5;;4;4;;2008;1;;0;0;0;0;0;0;0;0;0;0;0;0;0;1;0;0;0;1;0;;1;0;0;0;0;0;0;;;;1;;;Postdoc;13;17;60;3;;0;0;0;0;0;0;;0;0;3;2;1;3;1;0;3;3;3;2;86'877;5;3;2;4;;2;1;4;4;2;1;1;5;;;;;;;;;;;;;;;;;;;;;;;;;;;;;;;;;;;
223;2025-11-07;11;en;386113;2025-11-07;2025-11-07;1;1971;2;1;1;9;0;1;;4;5;;2021;2;4;0;0;0;0;0;0;0;0;0;0;0;0;0;0;0;0;0;1;0;;1;0;0;0;0;0;0;;;;1;;;Epidemiologist;12;0;100;5;;0;1;1;0;0;0;;2;3;4;1;3;2;0;3;0;1;3;3;102'705;1;4;3;2;1;1;4;4;1;4;2;3;2;;;;;;;;;;;;;;;;;;;;;;;;;;;;;;;;;;;
224;2025-05-10;4;en;244552;2025-05-10;2025-05-10;2;1987;1;;26;10;1;2;;4;5;;2013;1;;0;1;0;0;0;0;0;0;0;0;0;0;0;0;0;0;0;0;0;;1;0;0;0;0;0;0;;;;1;;;Epidemiologist;27;12;90;2;;0;1;0;1;0;0;;0;2;4;3;4;0;2;2;3;0;2;0;91'836;3;;2;2;2;2;5;4;;3;3;4;4;;;;;;;;;;;;;;;;;;;;;;;;;;;;;;;;;;;
225;2025-03-30;13;en;121573;2025-03-30;2025-03-30;1;1987;1;;19;1;1;3;;3;4;;2005;2;1;0;0;0;0;0;0;1;0;0;0;0;0;0;0;0;0;0;0;0;;0;1;0;0;0;0;1;;;;1;;;Epidemiologist;29;21;100;3;;0;0;0;0;0;0;;0;3;1;0;3;2;2;3;0;0;1;1;80'672;1;2;1;2;3;2;2;2;4;1;3;3;2;;;;;;;;;;;;;;;;;;;;;;;;;;;;;;;;;;;
226;2025-04-09;18;en;875205;2025-04-09;2025-04-09;1;1997;1;;7;13;1;5;;2;3;;2024;2;1;0;0;0;0;0;1;0;1;0;0;0;0;0;0;0;0;0;0;0;;1;0;0;0;0;0;0;;;;1;;;Statistician;29;0;100;2;;0;0;1;0;1;1;;0;1;3;0;4;3;4;0;3;2;1;1;146'556;4;3;2;2;5;2;2;4;3;3;3;3;2;;;;;;;;;;;;;;;;;;;;;;;;;;;;;;;;;;;
227;2025-07-31;7;en;889192;2025-07-31;2025-07-31;1;1987;1;;16;16;1;2;;3;2;;2006;2;3;0;0;1;0;0;0;0;0;0;0;0;0;1;1;0;0;0;0;0;;0;0;0;0;1;0;0;;;;1;;;Project Manager;14;23;70;1;;0;0;0;0;0;1;;1;2;3;1;4;2;3;0;2;1;4;3;171'070;4;3;4;2;1;3;2;1;3;2;1;1;2;;;;;;;;;;;;;;;;;;;;;;;;;;;;;;;;;;;
228;;19;en;512457;2025-05-08;2025-05-08;1;2000;1;;1;21;0;3;;3;5;;2021;1;;0;0;0;0;1;0;1;0;0;0;0;0;0;0;0;1;0;0;0;;1;0;0;0;0;0;0;;;;1;;;Consultant;12;3;100;3;;0;0;1;0;0;0;;0;1;3;3;3;0;4;1;0;1;4;2;78'875;2;3;2;2;5;;2;3;3;3;1;2;2;;;;;;;;;;;;;;;;;;;;;;;;;;;;;;;;;;;
229;2025-03-11;9;en;574628;2025-03-11;2025-03-11;1;1994;2;1;25;16;1;1;;1;5;;2016;2;1;0;1;0;0;0;0;0;0;0;0;0;0;0;0;0;0;0;0;0;;1;0;0;0;0;0;0;;;;1;;;Project Manager;30;8;100;2;;0;0;0;1;1;0;;4;3;3;3;2;0;2;3;3;0;2;1;105'706;1;4;2;;5;3;1;3;3;2;3;3;1;;;;;;;;;;;;;;;;;;;;;;;;;;;;;;;;;;;
230;2025-06-05;10;en;485444;2025-06-05;2025-06-05;1;1969;1;;4;20;1;1;;3;3;;1991;2;1;0;0;0;0;0;0;0;0;0;0;0;0;0;0;0;0;0;0;1;;0;1;0;0;0;0;0;;;;1;;;Data Scientist;9;30;100;2;;0;0;0;1;1;0;;3;1;4;3;1;3;3;2;0;2;4;0;82'498;2;3;2;5;;2;2;3;4;1;1;3;3;;;;;;;;;;;;;;;;;;;;;;;;;;;;;;;;;;;
231;2025-12-28;18;en;827433;2025-12-28;2025-12-28;2;1956;1;;4;1;0;2;;2;2;;2017;1;;0;0;0;0;0;0;0;0;0;0;0;0;0;0;0;0;1;0;0;;0;0;0;0;0;1;0;;;;1;;;Biostatistician;13;10;100;2;;0;0;0;1;1;0;;1;2;3;3;3;3;4;3;0;1;4;2;66'295;2;2;4;4;3;3;3;1;1;3;4;1;1;;;;;;;;;;;;;;;;;;;;;;;;;;;;;;;;;;;
232;;14;en;310807;2025-07-10;2025-07-10;2;1978;1;;27;28;0;1;;3;3;;2005;1;;0;0;0;0;0;0;0;0;0;0;0;0;0;0;0;0;1;0;0;;1;0;0;0;0;0;0;;;;1;;;PhD student;26;18;100;2;;1;0;0;1;0;0;;2;0;3;3;3;2;2;1;1;2;4;1;120'146;3;3;1;4;2;4;3;4;3;2;2;2;4;;;;;;;;;;;;;;;;;;;;;;;;;;;;;;;;;;;
233;;14;en;868351;2025-05-11;2025-05-11;2;1980;1;;9;8;1;5;;1;5;;2015;2;1;0;1;0;0;1;0;0;0;0;0;0;0;0;0;0;0;0;0;0;;1;0;0;0;0;0;0;;;;1;;;Project Manager;31;11;60;3;;0;0;1;0;1;1;;2;3;2;3;2;2;3;3;4;2;3;2;109'304;4;;4;2;4;3;1;;2;2;3;4;1;;;;;;;;;;;;;;;;;;;;;;;;;;;;;;;;;;;
234;2026-02-10;6;en;592205;2026-02-10;2026-02-10;1;1969;1;;1;20;0;2;;3;2;;2020;2;1;0;0;0;0;0;0;0;0;0;0;0;0;0;0;0;0;0;0;1;Bioinformatics;0;0;0;1;0;0;0;;;;1;;;Senior Statistician;1;7;100;3;;0;0;0;1;0;0;;2;1;1;2;3;1;3;0;3;3;4;2;123'667;5;2;4;;2;2;3;4;2;1;;4;1;;;;;;;;;;;;;;;;;;;;;;;;;;;;;;;;;;;
235;2026-01-07;6;en;462782;2026-01-07;2026-01-07;1;1968;1;;19;12;1;3;;3;4;;2011;1;;0;0;0;1;0;0;0;0;0;0;0;1;0;0;0;0;0;0;0;;0;0;0;0;0;1;0;;;;1;;;Consultant;6;9;80;2;;1;0;0;0;0;0;;4;2;2;0;1;2;2;0;0;2;3;3;100'518;3;;3;2;2;4;2;2;5;2;4;2;3;;;;;;;;;;;;;;;;;;;;;;;;;;;;;;;;;;;
236;2025-01-07;18;en;585168;2025-01-07;2025-01-07;1;1968;1;;8;9;1;2;;4;4;;2002;2;1;1;0;0;0;0;0;0;0;0;0;0;0;0;0;0;0;1;0;0;;0;1;1;0;0;0;0;;;;1;;;Statistician;11;18;100;2;;0;0;0;1;1;0;;3;2;4;2;4;1;3;0;4;1;3;0;166'865;1;2;2;3;2;3;2;3;3;2;3;2;3;;;;;;;;;;;;;;;;;;;;;;;;;;;;;;;;;;;
237;2025-03-09;14;en;210742;2025-03-09;2025-03-09;2;1970;1;;1;12;1;2;;4;2;;2012;1;;0;0;0;0;0;0;0;0;0;0;0;0;0;0;0;0;0;1;0;;0;0;0;0;0;1;0;;;;1;;;Statistician;26;17;100;1;;0;0;0;0;1;0;;1;2;2;3;3;2;2;3;2;1;4;2;154'818;1;3;4;3;2;3;3;;2;4;4;2;3;;;;;;;;;;;;;;;;;;;;;;;;;;;;;;;;;;;
238;2025-02-14;13;en;539261;2025-02-14;2025-02-14;1;2004;1;;7;26;1;2;;2;5;;2022;1;;0;0;0;0;0;0;0;0;0;0;0;0;0;0;0;0;0;0;1;;0;0;0;0;0;1;0;;;;1;;;Quantitative Analyst;27;0;90;3;;0;0;0;1;0;0;;0;1;4;2;1;1;0;3;1;2;2;1;108'965;1;4;2;2;2;1;2;3;3;2;1;3;4;;;;;;;;;;;;;;;;;;;;;;;;;;;;;;;;;;;
239;2025-11-18;9;en;687335;2025-11-18;2025-11-18;3;1957;1;;27;20;1;2;;2;4;;2008;2;1;0;0;0;0;1;0;0;0;0;0;0;0;0;0;0;0;0;0;0;;0;1;0;0;0;0;1;;;;1;;;Research Scientist;25;19;70;3;;1;0;1;1;0;1;;4;1;3;3;1;1;2;3;1;2;3;3;102'518;4;1;2;1;3;2;2;;2;3;;;3;;;;;;;;;;;;;;;;;;;;;;;;;;;;;;;;;;;
240;2025-09-21;8;en;847586;2025-09-21;2025-09-21;4;1984;1;;11;28;1;1;;2;5;;2006;1;;0;0;0;0;0;0;0;0;0;0;0;0;0;0;0;0;1;0;1;Bioinformatics;1;0;0;0;0;0;0;;;;1;;;Consultant;8;15;40;2;;0;0;0;1;0;0;;2;3;3;3;0;3;0;0;0;0;1;2;77'672;4;2;3;3;4;1;3;3;3;2;2;;2;;;;;;;;;;;;;;;;;;;;;;;;;;;;;;;;;;;
241;2025-07-09;20;en;586549;2025-07-09;2025-07-09;2;1976;1;;26;28;0;3;;1;5;;2015;1;;0;0;0;0;0;0;0;0;0;0;0;1;0;0;0;0;0;0;0;;1;0;0;0;0;0;0;;;;1;;;Data Analyst;29;13;70;1;;0;0;0;0;0;0;;0;2;4;3;1;1;2;1;2;3;1;3;156'468;1;2;2;2;1;2;3;1;2;1;3;4;3;;;;;;;;;;;;;;;;;;;;;;;;;;;;;;;;;;;
242;2025-08-15;17;en;760597;2025-08-15;2025-08-15;1;1996;1;;16;10;0;1;;3;4;;2019;1;;0;0;0;0;0;0;0;0;1;0;0;0;0;1;0;0;0;0;0;;1;0;0;0;0;0;0;;;;1;;;Consultant;19;6;70;4;;1;1;1;0;1;0;;1;3;4;2;1;1;4;1;0;0;1;0;157'759;3;2;2;4;2;2;1;4;3;4;4;4;1;;;;;;;;;;;;;;;;;;;;;;;;;;;;;;;;;;;
243;2025-02-21;1;en;353746;2025-02-21;2025-02-21;1;1973;1;;25;22;0;1;;1;4;;2013;1;;0;0;0;0;1;0;0;0;0;0;0;0;0;0;0;0;0;0;0;;0;0;1;0;0;1;0;;;;1;;;Consultant;19;8;90;5;;1;0;0;1;0;0;;3;2;0;1;4;2;1;2;4;0;0;2;114'103;2;3;2;3;4;1;1;4;1;4;3;3;1;;;;;;;;;;;;;;;;;;;;;;;;;;;;;;;;;;;
244;2025-10-24;9;en;160799;2025-10-24;2025-10-24;1;1971;1;;26;8;1;1;;2;2;;2004;2;3;0;0;0;0;0;0;0;0;0;0;0;1;0;0;0;0;0;0;0;;0;0;0;0;0;0;1;;;;0;3;;Student;;0;;6;;0;0;1;1;0;0;;0;0;0;1;4;1;2;1;4;1;1;0;;;2;3;3;2;2;2;4;3;2;4;3;3;;;;;;;;;;;;;;;;;;;;;;;;;;;;;;;;;;;
245;;20;en;381746;2025-12-07;2025-12-07;2;1972;2;1;8;28;1;2;;4;4;;1996;2;1;0;0;0;0;0;0;0;0;0;0;0;0;0;0;0;1;0;0;0;;0;0;0;1;0;0;0;;;;1;;;Data Analyst;17;28;100;4;;0;0;0;0;1;0;;3;0;3;0;3;2;3;0;2;1;0;0;138'182;4;3;4;2;5;3;4;;2;3;2;2;2;;;;;;;;;;;;;;;;;;;;;;;;;;;;;;;;;;;
246;2025-07-03;17;en;902765;2025-07-03;2025-07-03;2;1966;1;;3;28;1;2;;3;5;;1988;1;;0;0;0;0;0;0;0;0;0;0;0;0;0;0;1;0;0;0;1;Bioinformatics;0;0;1;0;0;0;1;;;;1;;;Consultant;31;33;50;1;;0;0;1;0;1;1;;1;2;2;3;1;0;4;3;4;0;0;3;117'701;2;1;4;3;2;3;;4;3;1;2;5;2;;;;;;;;;;;;;;;;;;;;;;;;;;;;;;;;;;;
247;2025-06-01;7;en;852652;2025-06-01;2025-06-01;2;1967;1;;10;28;1;1;;4;5;;2016;2;1;0;0;0;0;0;0;0;0;0;0;1;0;0;0;0;0;0;0;0;;1;0;0;0;0;0;0;;;;0;3;;Student;;0;;6;;1;0;0;0;0;1;;4;2;4;1;3;0;1;0;2;0;1;1;;;1;2;1;1;1;4;2;4;;2;4;5;;;;;;;;;;;;;;;;;;;;;;;;;;;;;;;;;;;
248;2025-10-13;16;en;369560;2025-10-13;2025-10-13;2;1967;2;1;23;2;1;2;;3;5;;1998;1;;0;0;0;0;0;0;0;0;0;0;0;0;0;0;0;0;0;0;1;;0;1;0;0;0;0;0;;;;0;3;;Student;;0;;6;;0;0;0;1;0;1;;1;2;1;1;3;2;1;2;1;0;4;2;;;4;4;1;2;3;2;4;2;1;2;2;1;;;;;;;;;;;;;;;;;;;;;;;;;;;;;;;;;;;
249;2025-12-21;8;en;311429;2025-12-21;2025-12-21;1;1964;1;;16;18;1;1;;1;3;;2007;1;;0;0;0;0;0;0;0;1;0;0;0;0;0;0;0;0;0;0;0;;0;0;0;0;0;1;0;;;;1;;;Statistician;20;14;70;3;;0;0;0;0;1;1;;0;2;2;3;1;1;2;2;2;1;0;2;125'806;1;1;3;3;2;2;1;3;3;2;4;1;4;;;;;;;;;;;;;;;;;;;;;;;;;;;;;;;;;;;
250;2025-11-09;9;en;193015;2025-11-09;2025-11-09;1;1957;1;;16;15;0;2;;1;6;;2015;2;3;0;0;0;1;0;0;0;0;0;0;1;0;0;0;0;0;0;0;0;;0;0;1;0;0;0;0;;;;1;;;Research Scientist;1;3;80;2;;0;1;0;1;1;1;;3;2;0;3;4;1;1;3;1;0;4;3;78'193;4;2;4;4;1;2;3;2;2;3;1;5;3;;;;;;;;;;;;;;;;;;;;;;;;;;;;;;;;;;;
251;2025-08-28;19;en;597423;2025-08-28;2025-08-28;2;1979;2;1;24;16;1;1;;3;5;;2005;2;1;0;1;0;0;0;0;0;0;0;0;0;0;0;0;0;0;0;0;0;;0;0;1;0;0;0;0;;;;1;;;Senior Statistician;9;14;80;2;;1;0;0;0;0;0;;0;2;1;3;3;3;1;3;2;1;2;2;167'824;4;1;2;4;5;5;5;1;4;2;4;4;2;;;;;;;;;;;;;;;;;;;;;;;;;;;;;;;;;;;
252;2025-01-08;6;en;817607;2025-01-08;2025-01-08;1;1999;1;;1;5;0;4;;2;4;;2019;1;;1;0;0;0;0;0;0;0;0;0;0;0;0;0;0;0;0;0;0;;0;0;0;0;0;1;0;;;;0;5;;Retired;;0;;6;;0;1;0;0;0;1;;0;3;4;3;2;3;1;2;2;2;0;0;;;3;4;2;3;1;3;2;2;2;1;3;3;;;;;;;;;;;;;;;;;;;;;;;;;;;;;;;;;;;
253;2025-01-24;4;en;615587;2025-01-24;2025-01-24;2;1959;1;;11;16;1;4;;2;5;;1991;2;1;0;0;0;0;0;0;0;0;0;0;0;0;0;0;1;0;0;0;1;;0;1;1;0;0;0;0;;;;1;;;Biostatistician;20;31;100;4;;0;0;0;1;0;0;;2;1;2;3;3;3;2;2;2;3;2;2;104'090;2;5;;3;1;3;2;2;4;4;2;2;2;;;;;;;;;;;;;;;;;;;;;;;;;;;;;;;;;;;
254;2025-06-28;11;en;272246;2025-06-28;2025-06-28;2;1996;1;;7;16;0;1;;2;5;;2021;1;;0;0;0;0;0;0;0;0;1;0;0;0;0;0;0;0;0;0;0;;1;0;0;0;0;0;0;;;;1;;;Quantitative Analyst;31;1;100;2;;0;0;1;0;0;1;;4;2;3;1;1;2;0;0;3;1;4;3;121'859;3;2;4;5;2;2;5;3;1;2;3;1;2;;;;;;;;;;;;;;;;;;;;;;;;;;;;;;;;;;;
255;2025-04-23;17;en;666079;2025-04-23;2025-04-23;1;1984;1;;19;14;0;2;;2;4;;2005;1;;0;1;0;0;0;0;0;0;0;0;0;1;0;0;0;0;0;0;1;;0;0;0;0;0;0;1;;;;1;;;Software Engineer;21;20;40;1;;0;1;0;1;1;0;;1;1;3;0;4;2;0;0;3;3;1;0;176'770;2;4;3;2;4;2;;3;2;5;2;2;2;;;;;;;;;;;;;;;;;;;;;;;;;;;;;;;;;;;
256;2025-06-17;10;en;655522;2025-06-17;2025-06-17;2;1995;1;;16;10;1;1;;3;4;;2022;1;;0;0;0;0;0;0;0;1;1;0;0;0;0;1;0;0;0;0;0;;1;0;0;0;0;0;0;;;;0;4;;Unemployed;;0;;6;;0;0;1;1;0;0;;0;3;0;3;0;3;3;0;3;0;1;2;;;;4;2;2;3;4;2;1;1;2;3;3;;;;;;;;;;;;;;;;;;;;;;;;;;;;;;;;;;;
257;2025-04-14;4;en;509976;2025-04-14;2025-04-14;2;1963;2;1;18;23;1;1;;4;5;;2022;1;;0;0;0;0;0;0;0;0;0;0;0;0;0;0;0;1;0;0;0;;0;0;1;0;0;0;0;;;;1;;;Research Scientist;22;9;70;2;;0;0;0;1;0;0;;1;1;1;1;1;3;4;2;2;1;1;1;124'568;2;3;1;5;3;3;4;3;2;1;3;2;1;;;;;;;;;;;;;;;;;;;;;;;;;;;;;;;;;;;
258;2025-05-20;13;en;228319;2025-05-20;2025-05-20;1;1967;1;;14;17;1;1;;3;4;;1996;1;;0;0;0;0;0;0;0;0;0;0;0;0;1;0;0;0;0;0;0;;0;0;0;0;1;0;0;;;;1;;;ML Engineer;17;34;90;1;;0;0;0;1;0;0;;2;2;4;2;4;3;0;2;0;0;3;2;74'669;4;;2;1;4;2;2;5;2;3;4;;4;;;;;;;;;;;;;;;;;;;;;;;;;;;;;;;;;;;
259;2025-12-28;9;en;607759;2025-12-28;2025-12-28;2;1991;1;;21;1;1;5;;2;4;;2016;1;;0;0;0;0;0;0;0;0;0;0;0;0;0;0;1;0;0;0;0;;0;1;0;0;0;0;0;;;;1;;;Data Analyst;25;9;80;3;;1;1;0;0;0;0;;1;2;2;1;4;2;4;1;4;0;2;3;85'317;2;2;2;;3;3;4;5;3;1;4;1;2;;;;;;;;;;;;;;;;;;;;;;;;;;;;;;;;;;;
260;2025-11-08;20;en;212961;2025-11-08;2025-11-08;2;1986;1;;1;9;0;1;;3;2;;2015;1;;0;0;0;1;0;0;0;0;0;0;0;0;0;0;0;0;0;0;0;;0;0;0;1;1;0;0;;;;1;;;Data Analyst;31;13;80;2;;1;1;1;0;0;1;;0;1;4;0;2;1;0;2;0;1;4;1;80'726;3;2;4;2;4;5;5;2;2;1;2;1;4;;;;;;;;;;;;;;;;;;;;;;;;;;;;;;;;;;;
261;2025-05-02;11;en;422725;2025-05-02;2025-05-02;1;1971;1;;19;26;1;4;;2;4;;2022;1;;0;0;0;0;0;0;0;0;0;0;0;0;0;0;0;0;1;0;0;;0;0;0;1;0;0;0;;;;1;;;Epidemiologist;5;1;70;1;;0;0;0;1;0;0;;4;2;2;1;4;2;3;3;3;0;0;2;163'108;4;4;1;4;5;2;1;3;4;1;3;2;3;;;;;;;;;;;;;;;;;;;;;;;;;;;;;;;;;;;
262;2025-06-17;2;en;906330;2025-06-17;2025-06-17;1;1964;1;;24;8;0;2;;1;3;;2006;1;;0;0;0;1;0;0;0;0;0;0;1;1;0;0;0;0;0;0;0;;1;0;0;0;0;0;0;;;;1;;;Quantitative Analyst;5;12;100;2;;0;0;0;0;1;0;;1;1;3;0;1;1;3;3;4;2;0;1;103'601;5;4;2;3;2;3;4;2;2;2;;1;3;;;;;;;;;;;;;;;;;;;;;;;;;;;;;;;;;;;
263;2025-08-24;4;en;329764;2025-08-24;2025-08-24;2;1962;1;;11;10;1;2;;4;2;;1989;1;;0;0;1;0;0;0;0;0;0;0;0;0;0;0;0;0;0;0;0;;1;0;0;0;0;0;0;;;;1;;;Data Scientist;27;33;100;2;;1;0;0;0;0;1;;2;0;0;2;1;2;4;3;4;3;1;2;98'819;2;4;2;3;1;4;1;3;3;2;1;;5;;;;;;;;;;;;;;;;;;;;;;;;;;;;;;;;;;;
264;2025-05-25;10;en;990863;2025-05-25;2025-05-25;2;1961;1;;7;20;0;5;;1;1;;1993;1;;0;0;0;0;0;0;0;0;0;1;0;0;0;0;0;0;0;0;0;;0;0;0;1;1;0;0;;;;1;;;Data Scientist;24;29;100;3;;0;1;0;1;0;0;;1;3;1;1;2;0;2;2;3;3;0;3;178'986;4;4;2;5;1;2;2;2;4;5;1;3;2;;;;;;;;;;;;;;;;;;;;;;;;;;;;;;;;;;;
265;2025-05-19;16;en;212588;2025-05-19;2025-05-19;1;1957;2;1;25;3;1;1;;3;1;;2013;1;;0;0;0;0;0;0;0;0;0;0;0;0;1;0;0;0;0;0;0;;1;0;0;0;0;0;0;;;;1;;;Quantitative Analyst;24;13;100;5;;0;1;0;0;0;1;;2;0;1;1;2;1;4;0;3;2;1;1;160'109;3;2;5;2;4;5;1;5;4;3;;4;3;;;;;;;;;;;;;;;;;;;;;;;;;;;;;;;;;;;
266;2026-02-06;7;en;547925;2026-02-06;2026-02-06;1;1970;1;;23;8;0;2;;3;2;;2006;2;2;0;0;0;0;0;0;0;0;0;0;0;0;0;0;1;0;0;0;0;;1;0;0;0;0;0;0;;;;0;3;;Student;;0;;6;;0;1;1;1;0;1;;3;3;3;0;4;1;1;3;4;1;3;0;;;1;5;1;3;2;2;;2;3;3;2;2;;;;;;;;;;;;;;;;;;;;;;;;;;;;;;;;;;;
267;2025-05-09;9;en;472847;2025-05-09;2025-05-09;2;1956;1;;24;24;1;5;;2;2;;1985;1;;0;1;0;0;0;0;0;0;0;0;0;0;0;0;0;0;0;0;0;;1;0;0;0;0;0;0;;;;0;4;;Unemployed;;0;;6;;0;0;1;1;0;0;;3;3;1;0;2;3;4;3;1;3;2;3;;;1;4;2;1;1;;2;2;;2;2;5;;;;;;;;;;;;;;;;;;;;;;;;;;;;;;;;;;;
268;2025-03-22;11;en;853931;2025-03-22;2025-03-22;1;1996;1;;18;1;1;1;;3;5;;2023;1;;0;1;0;0;1;0;0;0;0;0;0;0;0;0;0;1;0;0;0;;0;0;1;0;0;0;0;;;;0;2;;Unemployed;;0;;6;;1;0;1;1;0;0;;0;0;3;1;4;2;1;3;3;3;4;2;;;4;2;3;4;2;2;3;2;3;3;2;2;;;;;;;;;;;;;;;;;;;;;;;;;;;;;;;;;;;
269;;15;en;659812;2025-10-07;2025-10-07;1;1979;2;1;4;19;0;4;;2;4;;2020;2;1;0;0;0;0;0;0;0;0;0;1;0;0;0;0;0;0;0;0;0;;0;0;0;0;1;1;0;;;;1;;;Data Scientist;26;5;80;3;;0;0;0;0;0;1;;4;3;1;0;0;3;2;1;1;1;2;2;104'009;2;2;1;3;2;2;1;2;2;3;4;3;4;;;;;;;;;;;;;;;;;;;;;;;;;;;;;;;;;;;
270;2025-10-01;14;en;147451;2025-10-01;2025-10-01;2;1975;1;;23;22;1;1;;1;5;;2016;1;;0;0;0;0;0;0;0;0;0;0;1;0;0;1;0;0;0;0;0;;1;0;0;0;0;0;0;;;;1;;;ML Engineer;18;7;100;2;;0;0;1;0;1;0;;1;2;1;1;1;3;0;2;4;2;0;1;171'468;3;3;5;2;1;2;3;2;1;1;1;4;3;;;;;;;;;;;;;;;;;;;;;;;;;;;;;;;;;;;
271;2025-12-05;11;en;386606;2025-12-05;2025-12-05;1;1992;1;;6;28;0;1;;4;5;;2021;1;;0;0;0;0;0;0;0;0;0;0;0;0;0;0;0;1;0;0;0;;1;0;0;0;0;0;0;;;;1;;;Project Manager;31;2;80;2;;0;0;0;0;0;0;;4;1;0;2;4;1;3;1;1;3;2;0;109'637;4;3;3;2;2;3;2;2;2;1;3;4;2;;;;;;;;;;;;;;;;;;;;;;;;;;;;;;;;;;;
272;2025-02-18;3;en;648369;2025-02-18;2025-02-18;2;1971;2;5;23;19;1;3;;2;4;;1989;1;;0;0;1;0;0;0;1;0;0;0;0;0;1;0;0;0;0;0;0;;1;0;0;0;0;0;0;;;;1;;;Software Engineer;14;33;70;4;;0;1;0;0;1;0;;0;1;0;0;0;1;0;0;0;0;3;3;136'360;2;3;4;2;3;2;4;3;1;2;;;2;;;;;;;;;;;;;;;;;;;;;;;;;;;;;;;;;;;
273;2025-03-27;4;en;378825;2025-03-27;2025-03-27;3;1962;1;;4;28;1;4;;3;2;;2010;1;;0;1;0;0;0;0;1;0;0;0;0;0;0;0;0;0;0;0;0;;0;1;0;0;0;0;0;;;;1;;;Epidemiologist;29;13;100;2;;1;0;0;0;1;1;;4;3;1;0;3;3;4;0;0;1;1;2;118'540;2;4;2;1;1;;1;2;2;;2;1;1;;;;;;;;;;;;;;;;;;;;;;;;;;;;;;;;;;;
274;2025-01-15;7;en;511055;2025-01-15;2025-01-15;2;1960;1;;11;17;1;1;;3;5;;1981;2;1;0;0;0;0;0;0;0;0;0;0;0;0;0;0;1;0;0;0;0;;1;0;0;0;0;0;0;;;;1;;;Senior Statistician;8;48;100;3;;1;0;1;1;0;0;;3;1;2;2;0;1;4;1;0;2;4;3;140'284;2;4;4;3;3;4;2;3;5;2;3;2;4;;;;;;;;;;;;;;;;;;;;;;;;;;;;;;;;;;;
275;2025-04-15;13;en;332539;2025-04-15;2025-04-15;1;1992;1;;9;28;1;1;;4;1;;2011;2;3;0;0;0;0;0;0;0;0;0;0;0;0;0;0;0;0;1;0;0;;0;0;0;0;0;0;1;;;;0;3;;Student;;0;;6;;0;0;0;0;0;1;;1;3;2;2;1;0;2;0;0;3;3;2;;;2;2;2;1;2;2;1;2;4;4;1;3;;;;;;;;;;;;;;;;;;;;;;;;;;;;;;;;;;;
276;2025-12-13;20;en;216628;2025-12-13;2025-12-13;2;1962;1;;11;10;1;3;;1;4;;1989;2;1;0;0;0;0;0;0;0;0;0;0;0;0;0;0;1;1;0;0;0;;0;0;0;0;1;0;0;;;;1;;;Quantitative Analyst;10;29;60;4;;0;0;0;1;0;0;;3;2;3;2;4;3;2;0;0;2;3;1;153'702;2;2;2;5;2;4;2;2;3;1;2;2;4;;;;;;;;;;;;;;;;;;;;;;;;;;;;;;;;;;;
277;2025-03-19;3;en;278616;2025-03-19;2025-03-19;2;1964;1;;19;17;1;2;;2;3;;2025;2;1;0;0;0;0;0;0;0;0;0;0;0;0;1;0;0;0;0;1;0;;1;0;0;0;0;0;0;;;;1;;;PhD student;22;0;40;2;;0;1;1;0;0;1;;4;3;0;2;0;3;1;0;4;1;0;0;127'626;2;2;4;2;2;2;2;2;4;2;2;2;3;;;;;;;;;;;;;;;;;;;;;;;;;;;;;;;;;;;
278;2025-01-30;17;en;858203;2025-01-30;2025-01-30;1;1966;1;;1;19;1;1;;2;3;;2014;1;;0;0;0;0;0;0;0;0;0;0;0;1;0;0;0;0;0;0;0;;1;0;0;0;0;0;0;;;;1;;;Research Scientist;8;12;80;2;;0;1;1;1;0;1;;4;1;0;3;0;1;2;0;1;0;3;2;75'336;2;2;3;4;2;3;;4;2;2;2;2;;;;;;;;;;;;;;;;;;;;;;;;;;;;;;;;;;;;
279;2025-07-11;10;en;787865;2025-07-11;2025-07-11;1;1961;1;;18;28;1;1;;2;4;;2025;2;1;0;0;0;0;0;0;0;0;0;0;0;0;0;0;1;0;0;0;0;;1;0;0;0;0;0;0;;;;1;;;Consultant;28;4;90;3;;1;0;0;0;0;1;;3;3;1;1;2;2;3;0;0;2;0;1;68'386;1;3;2;3;3;2;2;2;1;2;2;2;3;;;;;;;;;;;;;;;;;;;;;;;;;;;;;;;;;;;
280;2025-10-04;20;en;511369;2025-10-04;2025-10-04;2;1964;2;1;1;12;1;1;;3;2;;2003;1;;0;0;1;0;0;0;1;0;0;0;0;0;0;0;0;0;0;0;0;;0;0;0;1;0;0;0;;;;1;;;Senior Statistician;11;21;70;4;;0;1;1;0;1;0;;4;3;3;2;4;3;4;0;1;3;0;0;179'714;5;2;3;2;3;3;1;3;5;3;2;5;2;;;;;;;;;;;;;;;;;;;;;;;;;;;;;;;;;;;
281;2025-01-09;2;en;998179;2025-01-09;2025-01-09;1;1983;1;;26;15;1;1;;2;5;;2012;2;6;0;0;0;0;0;0;1;0;0;0;0;0;0;0;0;1;0;0;0;;0;0;0;0;0;0;1;;;;1;;;Statistician;6;14;100;3;;0;0;0;0;0;1;;2;2;4;3;3;2;1;1;4;1;0;3;133'726;1;4;4;1;2;4;3;4;4;2;3;2;1;;;;;;;;;;;;;;;;;;;;;;;;;;;;;;;;;;;
282;;9;en;857705;2025-04-06;2025-04-06;1;1968;2;1;23;1;1;2;;4;5;;2011;1;;0;0;0;1;0;0;0;0;0;0;0;0;0;0;0;0;0;0;0;;1;0;0;0;0;0;0;;;;1;;;PhD student;7;18;100;3;;0;0;0;0;0;0;;3;1;4;3;2;0;3;1;0;1;2;3;148'865;2;4;4;3;1;4;2;4;4;3;4;1;3;;;;;;;;;;;;;;;;;;;;;;;;;;;;;;;;;;;
283;2025-04-05;15;en;811400;2025-04-05;2025-04-05;1;1991;1;;26;7;1;2;;3;2;;2009;1;;0;0;0;0;0;0;0;0;0;0;0;0;0;1;0;0;0;0;0;;1;0;0;0;0;0;0;;;;1;;;PhD student;4;17;90;3;;0;0;1;1;0;0;;2;1;4;0;0;3;0;2;2;1;2;1;97'336;3;2;4;4;;1;2;1;2;2;5;1;1;;;;;;;;;;;;;;;;;;;;;;;;;;;;;;;;;;;
284;2025-03-22;10;en;442756;2025-03-22;2025-03-22;2;1994;1;;9;19;1;1;;4;1;;2021;1;;0;0;1;0;0;0;0;0;0;0;0;0;0;1;0;0;0;1;0;;1;0;0;0;0;0;0;;;;1;;;Biostatistician;26;5;60;4;;1;0;0;0;0;0;;1;0;1;2;1;1;3;3;1;1;4;3;113'152;1;2;2;2;2;2;2;5;3;1;2;5;2;;;;;;;;;;;;;;;;;;;;;;;;;;;;;;;;;;;
285;2025-12-10;20;en;203445;2025-12-10;2025-12-10;1;1971;2;3;7;18;1;2;;2;4;;2017;2;1;0;0;0;0;0;0;0;0;0;0;0;0;1;0;0;0;0;0;0;;1;0;0;0;0;0;0;;;;0;4;;Unemployed;;0;;6;;1;0;0;0;1;1;;0;1;0;3;2;3;1;1;4;0;2;3;;;2;2;5;2;2;2;3;2;5;3;5;3;;;;;;;;;;;;;;;;;;;;;;;;;;;;;;;;;;;
286;2025-12-14;18;en;265126;2025-12-14;2025-12-14;1;1962;1;;17;5;1;3;;1;1;;1989;2;1;0;0;0;0;0;0;1;0;0;0;0;0;0;0;0;0;0;0;0;;1;0;0;0;0;0;0;;;;1;;;Consultant;26;39;100;1;;1;1;0;0;1;0;;3;1;3;0;2;0;4;1;1;2;3;2;102'179;2;3;2;2;1;5;1;4;2;4;4;2;2;;;;;;;;;;;;;;;;;;;;;;;;;;;;;;;;;;;
287;2025-11-24;9;en;656572;2025-11-24;2025-11-24;1;1967;1;;14;9;1;2;;1;3;;1985;1;;0;0;0;0;0;0;0;1;0;0;0;0;0;0;0;0;0;0;0;;0;0;0;0;0;0;1;;;;0;4;;Unemployed;;0;;6;;0;1;1;1;0;0;;2;0;2;0;0;3;2;1;1;3;3;3;;;3;4;5;4;1;5;1;3;3;2;2;2;;;;;;;;;;;;;;;;;;;;;;;;;;;;;;;;;;;
288;2025-08-30;13;en;651296;2025-08-30;2025-08-30;1;1976;2;4;20;1;0;1;;4;2;;2000;1;;0;0;0;0;0;0;0;0;0;0;0;0;0;0;0;1;0;0;0;;0;0;0;0;1;1;0;;;;1;;;Biostatistician;12;27;100;2;;1;0;1;0;0;1;;1;3;3;1;0;0;0;2;2;1;2;3;98'072;2;2;2;3;3;2;3;4;3;4;1;4;3;;;;;;;;;;;;;;;;;;;;;;;;;;;;;;;;;;;
289;2025-03-22;16;en;247807;2025-03-22;2025-03-22;1;1967;1;;14;15;1;1;;4;4;;2010;1;;0;0;0;0;1;0;0;0;0;0;0;0;0;0;0;0;0;0;0;;1;0;0;0;0;0;0;;;;1;;;Data Analyst;25;18;40;2;;0;0;0;0;0;0;;2;0;0;1;2;3;0;1;4;1;2;3;128'454;2;4;5;4;3;4;3;3;2;5;1;4;3;;;;;;;;;;;;;;;;;;;;;;;;;;;;;;;;;;;
290;2025-09-10;15;en;416775;2025-09-10;2025-09-10;1;1999;1;;15;27;1;2;;4;6;;2021;2;1;0;1;1;0;0;0;0;0;0;0;0;0;0;0;0;0;0;0;0;;1;0;0;0;0;0;0;;;;1;;;Biostatistician;16;4;20;3;;1;1;1;0;0;0;;2;0;0;0;4;3;1;1;0;2;0;0;60'101;1;3;3;5;1;5;5;3;5;3;1;;4;;;;;;;;;;;;;;;;;;;;;;;;;;;;;;;;;;;
291;2026-01-24;20;en;571976;2026-01-24;2026-01-24;1;1973;2;2;26;28;1;3;;1;2;;1999;1;;0;0;0;1;0;0;0;0;0;0;1;1;0;0;0;0;0;0;0;;1;0;0;0;0;0;0;;;;1;;;Professor;8;22;100;2;;1;0;0;1;0;0;;4;3;3;3;0;2;1;1;0;0;0;0;113'781;2;4;4;3;;2;4;4;5;2;1;2;2;;;;;;;;;;;;;;;;;;;;;;;;;;;;;;;;;;;
292;2025-08-10;7;en;731414;2025-08-10;2025-08-10;2;1962;1;;1;20;1;3;;3;4;;2000;1;;0;0;0;0;0;0;0;0;0;0;1;0;0;0;0;0;0;0;0;;0;1;0;0;0;0;0;;;;0;5;;Retired;;0;;6;;1;0;1;0;0;0;;1;3;4;3;2;0;0;1;2;2;1;0;;;2;1;3;2;3;2;;3;1;1;4;1;;;;;;;;;;;;;;;;;;;;;;;;;;;;;;;;;;;
293;2025-10-31;20;en;919315;2025-10-31;2025-10-31;1;1989;2;4;19;27;1;4;;2;5;;2009;1;;0;0;0;0;0;0;0;0;0;0;0;0;0;0;0;1;0;0;0;;1;0;0;0;0;0;0;;;;0;2;;Unemployed;;0;;6;;0;0;0;0;0;1;;2;3;1;2;2;2;1;3;1;2;1;3;;;1;4;2;3;2;1;2;;3;1;2;4;;;;;;;;;;;;;;;;;;;;;;;;;;;;;;;;;;;
294;2025-05-14;2;en;805243;2025-05-14;2025-05-14;2;1971;1;;10;1;1;2;;1;5;;2004;2;1;1;0;0;0;0;0;0;0;1;0;1;0;0;0;0;0;0;0;0;;0;1;0;0;0;0;0;;;;1;;;Software Engineer;2;19;20;3;;1;0;0;0;0;0;;4;1;4;2;0;1;4;2;0;2;0;0;170'764;5;3;2;4;3;3;4;2;2;4;;1;2;;;;;;;;;;;;;;;;;;;;;;;;;;;;;;;;;;;
295;;3;en;588621;2025-04-10;2025-04-10;1;1988;1;;7;10;1;1;;2;2;;2017;1;;0;1;0;0;0;0;1;0;1;0;0;0;0;0;0;0;0;0;0;;1;0;0;0;0;0;0;;;;0;3;;Student;;0;;6;;1;1;0;0;0;1;;3;0;0;0;3;1;3;0;0;2;3;1;;;5;2;3;2;2;3;1;4;2;;1;4;;;;;;;;;;;;;;;;;;;;;;;;;;;;;;;;;;;
296;2025-12-31;18;en;875681;2025-12-31;2025-12-31;1;1980;1;;6;7;1;1;;2;2;;2022;1;;1;1;0;0;0;0;0;0;0;1;0;0;0;0;0;0;0;0;0;;0;0;0;1;0;1;0;;;;1;;;Data Scientist;14;0;100;3;;0;0;0;0;1;1;;1;2;1;3;4;2;2;3;1;0;0;2;145'487;4;4;2;1;4;2;2;4;2;5;2;1;1;;;;;;;;;;;;;;;;;;;;;;;;;;;;;;;;;;;
297;2025-08-31;3;en;769048;2025-08-31;2025-08-31;2;2002;1;;6;28;1;2;;3;2;;2022;2;5;0;0;0;0;0;0;0;0;0;0;0;0;0;0;0;0;1;0;0;;1;0;0;0;0;0;0;;;;1;;;Professor;17;6;100;5;;0;0;1;1;1;0;;4;3;3;2;4;3;0;3;1;0;2;3;122'502;2;5;;2;4;2;4;3;5;2;1;1;2;;;;;;;;;;;;;;;;;;;;;;;;;;;;;;;;;;;
298;2025-11-08;11;en;319700;2025-11-08;2025-11-08;3;2002;1;;2;23;1;4;;4;4;;2023;2;1;0;0;0;0;0;0;0;1;0;0;0;0;0;0;0;0;0;0;0;;0;0;1;0;0;0;0;;;;1;;;Project Manager;21;0;80;1;;1;0;1;1;0;0;;1;1;1;1;2;1;4;2;0;1;1;1;102'137;1;4;3;2;2;4;4;4;4;3;2;4;2;;;;;;;;;;;;;;;;;;;;;;;;;;;;;;;;;;;
299;2025-01-17;19;en;720515;2025-01-17;2025-01-17;1;2001;2;1;8;18;1;2;;4;5;;2022;1;;0;0;0;0;1;0;0;0;1;0;0;0;0;0;0;0;0;0;0;;0;1;0;0;0;0;0;;;;0;2;;Unemployed;;0;;6;;0;0;1;1;0;1;;1;3;0;1;2;1;0;0;3;3;3;2;;;1;;5;4;2;4;2;2;5;3;3;2;;;;;;;;;;;;;;;;;;;;;;;;;;;;;;;;;;;
300;2025-06-27;10;en;942101;2025-06-27;2025-06-27;1;1965;1;;5;20;1;3;;2;4;;1985;1;;0;0;0;0;0;0;0;1;0;1;0;1;0;0;0;0;0;0;0;;0;0;0;0;1;0;0;;;;1;;;Consultant;9;41;70;3;;1;0;0;0;1;0;;1;2;4;1;4;3;0;0;2;0;1;3;162'894;1;4;2;4;1;1;2;1;5;;3;1;2;;;;;;;;;;;;;;;;;;;;;;;;;;;;;;;;;;;
